refUMAP_1,refUMAP_2,Cell,orig.ident,nCount_RNA,nFeature_RNA,CCLE_ID,depMapID,Name,Pathology,Site_Primary,Site_Subtype1,Site_Subtype2,Site_Subtype3,Histology,Hist_Subtype1,Hist_Subtype2,Hist_Subtype3,Gender,Life_Stage,Age,Race,Geo_Loc,inferred_ethnicity,Site_Of_Finding,Disease,Annotation_Source,Original.Source.of.Cell.Line,Characteristics,Growth.Medium,Supplements,Freezing.Medium,Doubling.Time.from.Vendor,Doubling.Time.Calculated.hrs,type,type_refined,PATHOLOGIST_ANNOTATION,mutRate,tcga_code,batch,predicted.celltype
-6.48589086532593,7.39993143081665,A3KAW_HAEMATOPOIETIC_AND_LYMPHOID_TISSUE,CCLE,128510246,25070,A3KAW_HAEMATOPOIETIC_AND_LYMPHOID_TISSUE,ACH-000697,A3/KAW,primary,haematopoietic_and_lymphoid_tissue,NS,NS,NS,lymphoid_neoplasm,diffuse_large_B_cell_lymphoma,NS,NS,female,,,,,Asian,,,CCLE,HSRRB,suspension; grows in aggregates,,,5% DMSO,,40,lymphoma_DLBCL,lymphoma_DLBCL,Lymphoma:NH_B_cell,211.4255162,DLBC,CCLE,Plasmablast
-5.70898246765137,5.83554267883301,A4FUK_HAEMATOPOIETIC_AND_LYMPHOID_TISSUE,CCLE,106235624,25731,A4FUK_HAEMATOPOIETIC_AND_LYMPHOID_TISSUE,ACH-000157,A4/Fuk,primary,haematopoietic_and_lymphoid_tissue,NS,NS,NS,lymphoid_neoplasm,diffuse_large_B_cell_lymphoma,NS,NS,female,,52,asian,,Asian,,,CCLE,JCRB,SUSPENSION,RPMI-10% FBS,,5% DMSO,,118.1,lymphoma_DLBCL,lymphoma_DLBCL,Lymphoma:NH_B_cell,116.4358582,DLBC,CCLE,Prog_B 2
-5.60290861129761,5.49698972702026,ALLSIL_HAEMATOPOIETIC_AND_LYMPHOID_TISSUE,CCLE,117838872,23348,ALLSIL_HAEMATOPOIETIC_AND_LYMPHOID_TISSUE,ACH-000105,ALL-SIL,primary,haematopoietic_and_lymphoid_tissue,NS,NS,NS,lymphoid_neoplasm,acute_lymphoblastic_T_cell_leukaemia,NS,NS,male,,17,,,Caucasian,,TALL,CCLE,DSMZ,Mostly round cellsgrowing singly or in small clusters in suspention,80-90% RPHI 1640+10-20% h.i.FBS,,10%DMSO,~  48 hrs,74,T-cell_ALL,T-cell_ALL,Leukemia:ALL,122.8998449,ALL,CCLE,Prog_B 2
-3.78922510147095,0.789713501930237,AML193_HAEMATOPOIETIC_AND_LYMPHOID_TISSUE,CCLE,79494835,24087,AML193_HAEMATOPOIETIC_AND_LYMPHOID_TISSUE,ACH-000557,AML-193,primary,haematopoietic_and_lymphoid_tissue,NS,NS,NS,haematopoietic_neoplasm,acute_myeloid_leukaemia,M5,NS,female,,13,,,African_american,,,CCLE,ATCC,suspension,IMDM+5%FBS,"0.005mg/ml insulin, 0.005mg/ml transferrin and 5ng/ml GM-CSF",5% DMSO,,80.3,AML,AML,Leukemia:AML,133.3686368,LAML,CCLE,GMP
-5.73085927963257,5.92723178863525,AMO1_HAEMATOPOIETIC_AND_LYMPHOID_TISSUE,CCLE,130101294,24265,AMO1_HAEMATOPOIETIC_AND_LYMPHOID_TISSUE,ACH-000838,AMO-1,primary,haematopoietic_and_lymphoid_tissue,NS,NS,NS,lymphoid_neoplasm,plasma_cell_myeloma,NS,NS,female,,64,,,Asian,,multiple_myeloma,CCLE,DSMZ,single suspension,RPMI-1640+20% FBS,,5% DMSO,50-90hrs,57.8,multiple_myeloma,multiple_myeloma,Lymphoma:Multiple_Myeloma,237.2233013,MM,CCLE,Prog_B 2
-5.7348895072937,5.85423946380615,BCP1_HAEMATOPOIETIC_AND_LYMPHOID_TISSUE,CCLE,159670417,26206,BCP1_HAEMATOPOIETIC_AND_LYMPHOID_TISSUE,ACH-000923,BCP-1,primary,haematopoietic_and_lymphoid_tissue,NS,NS,NS,lymphoid_neoplasm,B_cell_lymphoma_unspecified,NS,NS,male,,92,,,Caucasian,,,CCLE,ATCC,Supsension,RPMI +20% FBS,,5%DMSO,,,lymphoma_other,B-cell_lymphoma_other,Lymphoma:NH_B_cell,353.1008508,DLBC,CCLE,Prog_B 2
-5.83367919921875,5.94633865356445,BDCM_HAEMATOPOIETIC_AND_LYMPHOID_TISSUE,CCLE,141043161,24082,BDCM_HAEMATOPOIETIC_AND_LYMPHOID_TISSUE,ACH-000080,BDCM,primary,haematopoietic_and_lymphoid_tissue,NS,NS,NS,lymphoid_neoplasm,acute_lymphoblastic_B_cell_leukaemia,NS,NS,male,,,,,Caucasian,,acute myelogenous leukemia M5a,CCLE,NIBRI,,,,,,,B-cell_ALL,B-cell_ALL,Leukemia:ALL,83.25472569,ALL,CCLE,Prog_B 2
-5.62853336334229,5.67317056655884,BL41_HAEMATOPOIETIC_AND_LYMPHOID_TISSUE,CCLE,132072676,24709,BL41_HAEMATOPOIETIC_AND_LYMPHOID_TISSUE,ACH-000245,BL-41,primary,haematopoietic_and_lymphoid_tissue,NS,NS,NS,lymphoid_neoplasm,Burkitt_lymphoma,NS,NS,male,,8,caucasian,,Caucasian,,,CCLE,DSMZ,Adherent,RPMI + 10 % FBS,,5%DMSO,,25.5,lymphoma_Burkitt,lymphoma_Burkitt,Lymphoma:NH_B_cell,84.59612727,DLBC,CCLE,Prog_B 2
-5.72290372848511,5.4668231010437,BL70_HAEMATOPOIETIC_AND_LYMPHOID_TISSUE,CCLE,139933115,24724,BL70_HAEMATOPOIETIC_AND_LYMPHOID_TISSUE,ACH-000402,BL-70,primary,haematopoietic_and_lymphoid_tissue,NS,NS,NS,lymphoid_neoplasm,Burkitt_lymphoma,NS,NS,male,,16,caucasian,,Caucasian,,,CCLE,NIBRI,,,,,,,lymphoma_Burkitt,lymphoma_Burkitt,Lymphoma:NH_B_cell,116.6768714,DLBC,CCLE,Prog_B 2
-5.55676651000977,5.59612941741943,BV173_HAEMATOPOIETIC_AND_LYMPHOID_TISSUE,CCLE,123192088,24194,BV173_HAEMATOPOIETIC_AND_LYMPHOID_TISSUE,ACH-000432,BV-173,primary,haematopoietic_and_lymphoid_tissue,NS,NS,NS,haematopoietic_neoplasm,blast_phase_chronic_myeloid_leukaemia,NS,NS,male,,45,,,Caucasian,,,CCLE,DSMZ,"SUSPENSION ( small round cells, slow to grow)",RPMI-1640+20% FBS,2mM L-Glutamine,10% DMSO,,100.6,CML,CML,Leukemia:CML,119.0742413,LCML,CCLE,Prog_B 2
-5.58902311325073,5.66548728942871,CA46_HAEMATOPOIETIC_AND_LYMPHOID_TISSUE,CCLE,131967067,26036,CA46_HAEMATOPOIETIC_AND_LYMPHOID_TISSUE,ACH-000440,CA46,metastasis,haematopoietic_and_lymphoid_tissue,NS,NS,NS,lymphoid_neoplasm,Burkitt_lymphoma,NS,NS,male,,,,,Asian,ascites,,CCLE,ATCC,Adherent,RPMI + 10 % FBS,,5%DMSO,,25.7,lymphoma_Burkitt,lymphoma_Burkitt,Lymphoma:NH_B_cell,135.0411689,DLBC,CCLE,Prog_B 2
-5.67126655578613,5.50415849685669,CI1_HAEMATOPOIETIC_AND_LYMPHOID_TISSUE,CCLE,156310535,25370,CI1_HAEMATOPOIETIC_AND_LYMPHOID_TISSUE,ACH-000687,CI-1,metastasis,haematopoietic_and_lymphoid_tissue,NS,NS,NS,lymphoid_neoplasm,B_cell_lymphoma_unspecified,NS,NS,female,,38,,,Caucasian,ascites,,CCLE,NIBRI,,,,,,,lymphoma_other,B-cell_lymphoma_other,Lymphoma:NH_B_cell,155.2288707,DLBC,CCLE,Prog_B 2
-2.76503443717957,0.510075926780701,CMK_HAEMATOPOIETIC_AND_LYMPHOID_TISSUE,CCLE,136647503,25760,CMK_HAEMATOPOIETIC_AND_LYMPHOID_TISSUE,ACH-000641,CMK,primary,haematopoietic_and_lymphoid_tissue,NS,NS,NS,haematopoietic_neoplasm,acute_myeloid_leukaemia,M7,NS,male,,0.8333,,,Asian,,Down syndrome; acute megakaryoblastic leukaemia,CCLE,DSMZ,"single, multiformed, large cells growing in suspension, sometimes loosely adherent (<3%); 2-3% giant, multinucleated cells",80% RPMI 1640 + 20% h.i. FBS,N/A,10%DMSO,~  40-50 hrs,37.6,AML,AML,Leukemia:AML,179.7006765,LAML,CCLE,Prog_RBC
-5.50999546051025,5.42110776901245,CMLT1_HAEMATOPOIETIC_AND_LYMPHOID_TISSUE,CCLE,133111204,26485,CMLT1_HAEMATOPOIETIC_AND_LYMPHOID_TISSUE,ACH-000920,CML-T1,primary,haematopoietic_and_lymphoid_tissue,NS,NS,NS,haematopoietic_neoplasm,blast_phase_chronic_myeloid_leukaemia,NS,NS,female,,36,,,Asian,,,CCLE,DSMZ,"single, round cells insuspension",90 % Iscove's MDMD or RPMI 1640 + 10% h.i. FBS,N/A,,~  48-60 hrs,,CML,CML,Leukemia:CML,383.5382966,LCML,CCLE,Prog_RBC
-5.67747497558594,5.5229663848877,DAUDI_HAEMATOPOIETIC_AND_LYMPHOID_TISSUE,CCLE,164681770,26455,DAUDI_HAEMATOPOIETIC_AND_LYMPHOID_TISSUE,ACH-000786,Daudi,primary,haematopoietic_and_lymphoid_tissue,NS,NS,NS,lymphoid_neoplasm,Burkitt_lymphoma,NS,NS,male,,16,african,,African_american,,lymphoma,CCLE,NIBRI,,,,,,,lymphoma_Burkitt,lymphoma_Burkitt,Lymphoma:NH_B_cell,172.3342748,DLBC,CCLE,Prog_B 2
-5.66610193252564,5.70832252502441,DB_HAEMATOPOIETIC_AND_LYMPHOID_TISSUE,CCLE,127487743,23174,DB_HAEMATOPOIETIC_AND_LYMPHOID_TISSUE,ACH-000334,DB,metastasis,haematopoietic_and_lymphoid_tissue,NS,NS,NS,lymphoid_neoplasm,diffuse_large_B_cell_lymphoma,NS,NS,male,,45,caucasian,,Caucasian,ascites,germinal center B-cell-like (GCB) DLBCL,CCLE,ATCC,suspension,RPMI-1640 + 10% FBS,,5%DMSO,,52.6,lymphoma_DLBCL,lymphoma_DLBCL,Lymphoma:NH_B_cell,120.7925694,DLBC,CCLE,Prog_B 2
-6.37494325637817,-0.450187057256699,DEL_HAEMATOPOIETIC_AND_LYMPHOID_TISSUE,CCLE,124101003,25492,DEL_HAEMATOPOIETIC_AND_LYMPHOID_TISSUE,ACH-000233,DEL,metastasis,haematopoietic_and_lymphoid_tissue,NS,NS,NS,lymphoid_neoplasm,NS,NS,NS,male,,12,,,Caucasian,pleura,,CCLE,DSMZ,"Grows often in cluster in suspention, most cells are polygonal ( some cells are round)",90% RPMI 1640 +10% h.i.FBS,N/A,,~  30 hrs,81.1,lymphoma_other,T-cell_lymphoma_other,Lymphoma:NH_T_cell,105.7726022,,CCLE,Prog_RBC
-5.69987964630127,5.6807107925415,DND41_HAEMATOPOIETIC_AND_LYMPHOID_TISSUE,CCLE,53023535,23498,DND41_HAEMATOPOIETIC_AND_LYMPHOID_TISSUE,ACH-000981,DND-41,primary,haematopoietic_and_lymphoid_tissue,NS,NS,NS,lymphoid_neoplasm,acute_lymphoblastic_T_cell_leukaemia,NS,NS,male,,13,,,Caucasian,,TALL,CCLE,DSMZ,"round cells growing singl or, occasionally, in clumps",90%RPMI 1640+ 10% h.i. FBS,N/A,,~  35 hrs,139.1,T-cell_ALL,T-cell_ALL,Leukemia:ALL,723.5425088,ALL,CCLE,Prog_B 2
-5.65270805358887,5.58390140533447,DOHH2_HAEMATOPOIETIC_AND_LYMPHOID_TISSUE,CCLE,153383566,25459,DOHH2_HAEMATOPOIETIC_AND_LYMPHOID_TISSUE,ACH-000056,DOHH-2,metastasis,haematopoietic_and_lymphoid_tissue,NS,NS,NS,lymphoid_neoplasm,diffuse_large_B_cell_lymphoma,NS,NS,male,,60,,,Caucasian,pleura,,CCLE,DSMZ,cells grow as sinngle cells or in clumps in suspention,90% RPMI + 10% h.i.FBS,N/a,,~  40 hrs,119.2,lymphoma_DLBCL,lymphoma_DLBCL,Lymphoma:NH_B_cell,86.31442483,DLBC,CCLE,Prog_B 2
-5.7101092338562,5.90479803085327,EB1_HAEMATOPOIETIC_AND_LYMPHOID_TISSUE,CCLE,146255124,25025,EB1_HAEMATOPOIETIC_AND_LYMPHOID_TISSUE,ACH-000877,EB1,primary,haematopoietic_and_lymphoid_tissue,head_neck,NS,NS,lymphoid_neoplasm,Burkitt_lymphoma,NS,NS,female,,9,african_american,,African_american,,,CCLE,ATCC,suspension,RPMI + 10 % FBS,,5% DMSO,,89.8,lymphoma_Burkitt,lymphoma_Burkitt,Lymphoma:NH_B_cell,210.5005154,DLBC,CCLE,Prog_B 2
-6.00515508651733,6.71379661560059,EHEB_HAEMATOPOIETIC_AND_LYMPHOID_TISSUE,CCLE,131673611,26539,EHEB_HAEMATOPOIETIC_AND_LYMPHOID_TISSUE,ACH-000038,EHEB,primary,haematopoietic_and_lymphoid_tissue,NS,NS,NS,lymphoid_neoplasm,chronic_lymphocytic_leukaemia-small_lymphocytic_lymphoma,NS,NS,female,,69,,,Caucasian,,,CCLE,DSMZ,"lymphoblastoid, round to polygonal, single or clustered cells in suspention",90% RPMI 1640 +10% h.i.FBS,N/A,,~  50-70 hrs,176,lymphoma_other,B-cell_lymphoma_other,Leukemia:CLL,59.02873727,CLL,CCLE,Plasmablast
-5.88021516799927,6.14284181594849,EJM_HAEMATOPOIETIC_AND_LYMPHOID_TISSUE,CCLE,114071287,24652,EJM_HAEMATOPOIETIC_AND_LYMPHOID_TISSUE,ACH-000821,EJM,primary,haematopoietic_and_lymphoid_tissue,NS,NS,NS,lymphoid_neoplasm,plasma_cell_myeloma,NS,NS,female,,58,,,Caucasian,,,CCLE,DSMZ,suspension,IMDM+ 20% FBS,,5%DMSO,,220.4,multiple_myeloma,multiple_myeloma,Lymphoma:Multiple_Myeloma,162.7989126,MM,CCLE,Prog_B 2
-5.37096500396729,1.15085792541504,EM2_HAEMATOPOIETIC_AND_LYMPHOID_TISSUE,CCLE,154848937,24859,EM2_HAEMATOPOIETIC_AND_LYMPHOID_TISSUE,ACH-000295,EM-2,primary,haematopoietic_and_lymphoid_tissue,NS,NS,NS,haematopoietic_neoplasm,blast_phase_chronic_myeloid_leukaemia,NS,NS,female,,5,caucasian,,Caucasian,,,CCLE,DSMZ,"single, round to oval cells in suspention",90% RPMI 1640 +10% h.i. FBS,N/A,,~  35-40 hrs,65.8,CML,CML,Leukemia:CML,117.0396003,LCML,CCLE,GMP
-6.37721252441406,1.12566411495209,EOL1_HAEMATOPOIETIC_AND_LYMPHOID_TISSUE,CCLE,170844079,25513,EOL1_HAEMATOPOIETIC_AND_LYMPHOID_TISSUE,ACH-000198,EOL-1,primary,haematopoietic_and_lymphoid_tissue,NS,NS,NS,haematopoietic_neoplasm,acute_myeloid_leukaemia,M5,NS,male,,33,,,Caucasian,,,CCLE,DSMZ,"(relatively small) round cells growing in suspention, singly or in small clusters",90% RPMI 1640 +10% h.i. FBS,,,~  60 hrs,64.5,AML,AML,Leukemia:AML,93.78945683,LAML,CCLE,Prog_RBC
-1.9833288192749,0.100741982460022,F36P_HAEMATOPOIETIC_AND_LYMPHOID_TISSUE,CCLE,132530899,24461,F36P_HAEMATOPOIETIC_AND_LYMPHOID_TISSUE,ACH-000487,F-36P,metastasis,haematopoietic_and_lymphoid_tissue,NS,NS,NS,haematopoietic_neoplasm,acute_myeloid_leukaemia,M6,NS,male,,68,,,Asian,pleura,,CCLE,DSMZ,polymorph cells growing as adherent cells and singly in suspention,80% RPMI 1640 + 10% h.i.FBS,10 ng/ml GM-CSF,,~  24-36 hrs,,AML,AML,Leukemia:AML,167.7509478,LAML,CCLE,Prog_RBC
-5.60831499099731,5.70101547241211,GA10_HAEMATOPOIETIC_AND_LYMPHOID_TISSUE,CCLE,173483981,25601,GA10_HAEMATOPOIETIC_AND_LYMPHOID_TISSUE,ACH-000162,GA-10,primary,haematopoietic_and_lymphoid_tissue,NS,NS,NS,lymphoid_neoplasm,Burkitt_lymphoma,NS,NS,male,,41,caucasian,,Caucasian,,,CCLE,ATCC,"suspension, lymphoblast",RPMI-1640 + 10% FBS,,5%DMSO,,51.6,lymphoma_Burkitt,lymphoma_Burkitt,Lymphoma:NH_B_cell,91.70436082,DLBC,CCLE,Prog_B 2
-3.54413294792175,0.900255262851715,GDM1_HAEMATOPOIETIC_AND_LYMPHOID_TISSUE,CCLE,114544658,25661,GDM1_HAEMATOPOIETIC_AND_LYMPHOID_TISSUE,ACH-000081,GDM-1,primary,haematopoietic_and_lymphoid_tissue,NS,NS,NS,haematopoietic_neoplasm,acute_myeloid_leukaemia,M4,NS,female,,66,caucasian,,Caucasian,,,CCLE,NIBRI,,,,,,,AML,AML,Leukemia:AML,83.72081463,LAML,CCLE,Prog_RBC
-5.94589614868164,6.07578468322754,GRANTA519_HAEMATOPOIETIC_AND_LYMPHOID_TISSUE,CCLE,112162292,25543,GRANTA519_HAEMATOPOIETIC_AND_LYMPHOID_TISSUE,ACH-000073,GRANTA-519,primary,haematopoietic_and_lymphoid_tissue,NS,NS,NS,lymphoid_neoplasm,mantle_cell_lymphoma,NS,NS,female,,58,caucasian,,Caucasian,,mantle_cell_lymphoma,CCLE,DSMZ,"spheroid cells growing in suspention, singly or in clumps",90% Dulbecco's MEM(4.5 g/L glucose) +10% h.i.FBS,2mM L-glutamine,,~ 49 hrs,,lymphoma_other,B-cell_lymphoma_other,Lymphoma:NH_B_cell,73.86512393,DLBC,CCLE,Prog_B 2
-6.36581802368164,-0.601285219192505,HDLM2_HAEMATOPOIETIC_AND_LYMPHOID_TISSUE,CCLE,120116517,24161,HDLM2_HAEMATOPOIETIC_AND_LYMPHOID_TISSUE,ACH-000267,HDLM-2,metastasis,haematopoietic_and_lymphoid_tissue,NS,NS,NS,lymphoid_neoplasm,Hodgkin_lymphoma,NS,NS,male,,74,,,Caucasian,pleura,,CCLE,DSMZ,SUSPENSION,RPMI-1640+ 10% FBS,,5% DMSO,,126.8,lymphoma_Hodgkin,lymphoma_Hodgkin,Lymphoma:Hodgkin,,,CCLE,Prog_B 2
-3.95035743713379,0.709374248981476,HDMYZ_HAEMATOPOIETIC_AND_LYMPHOID_TISSUE,CCLE,154929401,24140,HDMYZ_HAEMATOPOIETIC_AND_LYMPHOID_TISSUE,ACH-000190,HD-MY-Z,metastasis,haematopoietic_and_lymphoid_tissue,lymph_node,NS,NS,lymphoid_neoplasm,Hodgkin_lymphoma,NS,NS,,,29,,,Caucasian,pleura,,CCLE,,Variable morphology,RPMI-1640+10% FBS,,5%DMSO,,43.6,lymphoma_Hodgkin,lymphoma_Hodgkin,Lymphoma:Hodgkin,105.1129182,,CCLE,Prog_RBC
-3.19170475006104,0.638182699680328,HEL9217_HAEMATOPOIETIC_AND_LYMPHOID_TISSUE,CCLE,136109349,23724,HEL9217_HAEMATOPOIETIC_AND_LYMPHOID_TISSUE,ACH-000005,HEL 92.1.7,primary,haematopoietic_and_lymphoid_tissue,NS,NS,NS,haematopoietic_neoplasm,acute_myeloid_leukaemia,M6,NS,male,,30,caucasian,,Caucasian,,erythroleukemia,CCLE,NIBRI,,RPMI-1640 + 10% FBS,,5%DMSO,,116,AML,AML,Leukemia:AML,97.3391703,LAML,CCLE,Prog_RBC
-2.58242177963257,0.366006284952164,HEL_HAEMATOPOIETIC_AND_LYMPHOID_TISSUE,CCLE,124180494,24148,HEL_HAEMATOPOIETIC_AND_LYMPHOID_TISSUE,ACH-000004,HEL,primary,haematopoietic_and_lymphoid_tissue,NS,NS,NS,haematopoietic_neoplasm,acute_myeloid_leukaemia,M6,NS,male,,30,,,Caucasian,,,CCLE,DSMZ,"Round cells to occasionally polynucleated, single cells in suspension, few adherent",RPMI1640+10%FBS,,10%DMSO,36 hrs,38.4,AML,AML,Leukemia:AML,98.18537713,LAML,CCLE,Prog_RBC
-5.55005359649658,5.44145965576172,HH_HAEMATOPOIETIC_AND_LYMPHOID_TISSUE,CCLE,137727042,23607,HH_HAEMATOPOIETIC_AND_LYMPHOID_TISSUE,ACH-000061,HH,primary,haematopoietic_and_lymphoid_tissue,NS,NS,NS,lymphoid_neoplasm,adult_T_cell_lymphoma-leukaemia,NS,NS,male,,61,caucasian,,Caucasian,,cutaneous T cell lymphoma,CCLE,NIBRI,,,,,,,T-cell_ALL,T-cell_ALL,Leukemia:ALL,79.63113609,ALL,CCLE,Prog_B 2
-6.36129999160767,0.415066808462143,HL60_HAEMATOPOIETIC_AND_LYMPHOID_TISSUE,CCLE,110992929,23120,HL60_HAEMATOPOIETIC_AND_LYMPHOID_TISSUE,ACH-000002,HL-60,primary,haematopoietic_and_lymphoid_tissue,NS,NS,NS,haematopoietic_neoplasm,acute_myeloid_leukaemia,M2,NS,female,,35,caucasian,,Caucasian,,leukaemia,CCLE,ATCC,suspension; do not allow cell concentration to exceed 1e6cells/ml,IMDM+20 % FBS,na,5%DMSO,,113.3,AML,AML,Leukemia:AML,81.13367296,LAML,CCLE,GMP
-5.58600759506226,5.57901573181152,HPBALL_HAEMATOPOIETIC_AND_LYMPHOID_TISSUE,CCLE,153679763,24952,HPBALL_HAEMATOPOIETIC_AND_LYMPHOID_TISSUE,ACH-000942,HPB-ALL,primary,haematopoietic_and_lymphoid_tissue,NS,NS,NS,lymphoid_neoplasm,acute_lymphoblastic_T_cell_leukaemia,NS,NS,male,,14,asian,japan,Asian,,TALL,CCLE,DSMZ,rond or polymorph cells growing singly  or in clusters in suspentipn,80-90% RPMI 1640 +10-20% h.i. FBS,,,~  50 hrs,,T-cell_ALL,T-cell_ALL,Leukemia:ALL,498.9830467,ALL,CCLE,Prog_B 2
-5.65849113464356,5.61795854568481,HS611T_HAEMATOPOIETIC_AND_LYMPHOID_TISSUE,CCLE,129492690,24216,HS611T_HAEMATOPOIETIC_AND_LYMPHOID_TISSUE,ACH-000069,Hs 611.T,primary,haematopoietic_and_lymphoid_tissue,spleen,NS,NS,lymphoid_neoplasm,Hodgkin_lymphoma,NS,NS,female,,48,,,Caucasian,,,CCLE,NIBRI,,,,,,,lymphoma_Hodgkin,lymphoma_Hodgkin,Lymphoma:Hodgkin,73.30584648,,CCLE,Prog_B 2
-3.37935566902161,1.36973130702972,HS616T_FIBROBLAST,CCLE,137710321,23449,HS616T_FIBROBLAST,ACH-000063,Hs 616.T,primary,haematopoietic_and_lymphoid_tissue,lymph_node,NS,NS,lymphoid_neoplasm,Hodgkin_lymphoma,NS,NS,male,,16,caucasian,,Caucasian,,,CCLE,,Adherent,DMEM + 10% FBS,,5%DMSO,,,lymphoma_Hodgkin,fibroblast_like,,81.50921629,,CCLE,Prog_RBC
-3.54584860801697,1.03214335441589,HS751T_FIBROBLAST,CCLE,140252729,23356,HS751T_FIBROBLAST,ACH-000165,Hs 751.T,primary,haematopoietic_and_lymphoid_tissue,lymph_node,NS,NS,lymphoid_neoplasm,Hodgkin_lymphoma,NS,NS,,,,,,Caucasian,,,CCLE,GNF,,,,,,,lymphoma_Hodgkin,fibroblast_like,,,,CCLE,Prog_RBC
-5.56840705871582,5.60547399520874,HT_HAEMATOPOIETIC_AND_LYMPHOID_TISSUE,CCLE,143861377,23652,HT_HAEMATOPOIETIC_AND_LYMPHOID_TISSUE,ACH-000914,HT,metastasis,haematopoietic_and_lymphoid_tissue,NS,NS,NS,lymphoid_neoplasm,B_cell_lymphoma_unspecified,NS,NS,male,,70,caucasian,,Caucasian,pleura,,CCLE,NIBRI,,,,,,,lymphoma_other,B-cell_lymphoma_other,Lymphoma:NH_B_cell,442.9371418,DLBC,CCLE,Prog_B 2
-5.90179061889648,5.29075050354004,HUNS1_HAEMATOPOIETIC_AND_LYMPHOID_TISSUE,CCLE,132653181,23967,HUNS1_HAEMATOPOIETIC_AND_LYMPHOID_TISSUE,ACH-000829,HuNS1,primary,haematopoietic_and_lymphoid_tissue,NS,NS,NS,lymphoid_neoplasm,plasma_cell_myeloma,NS,NS,male,,,,,Caucasian,,myeloma,CCLE,NIBRI,,,,,,,multiple_myeloma,multiple_myeloma,Lymphoma:Multiple_Myeloma,187.9138764,MM,CCLE,Prog_B 2
-5.96944379806519,6.00961637496948,HUT102_HAEMATOPOIETIC_AND_LYMPHOID_TISSUE,CCLE,115336306,24361,HUT102_HAEMATOPOIETIC_AND_LYMPHOID_TISSUE,ACH-000612,HuT 102,primary,haematopoietic_and_lymphoid_tissue,skin,NS,NS,lymphoid_neoplasm,mycosis_fungoides-Sezary_syndrome,NS,NS,male,,26,african_american,,African_american,,mycosis_fungoides,CCLE,ATCC,suspension,RPMI+10%FBS,,5%DMSO,,,lymphoma_other,T-cell_lymphoma_other,,135.5808971,,CCLE,Prog_B 2
-5.75761604309082,5.26677703857422,HUT78_HAEMATOPOIETIC_AND_LYMPHOID_TISSUE,CCLE,118157890,24130,HUT78_HAEMATOPOIETIC_AND_LYMPHOID_TISSUE,ACH-000509,HuT 78,primary,haematopoietic_and_lymphoid_tissue,skin,NS,NS,lymphoid_neoplasm,mycosis_fungoides-Sezary_syndrome,NS,NS,male,,53,caucasian,,Caucasian,,sezary_syndrome,CCLE,NIBRI,,,,,,,lymphoma_other,T-cell_lymphoma_other,Lymphoma:NH_T_cell,118.2175686,,CCLE,Prog_B 2
-5.56126070022583,5.60434103012085,JEKO1_HAEMATOPOIETIC_AND_LYMPHOID_TISSUE,CCLE,135664522,24029,JEKO1_HAEMATOPOIETIC_AND_LYMPHOID_TISSUE,ACH-000357,JeKo-1,primary,haematopoietic_and_lymphoid_tissue,NS,NS,NS,lymphoid_neoplasm,mantle_cell_lymphoma,NS,NS,female,,78,,,Asian,,mantle_cell_lymphoma,CCLE,,suspension,RPMI1640+20%FBS,,10%DMSO,,46,lymphoma_other,B-cell_lymphoma_other,Lymphoma:NH_B_cell,159.114053,DLBC,CCLE,Prog_B 2
-5.88090085983276,6.00767993927002,JJN3_HAEMATOPOIETIC_AND_LYMPHOID_TISSUE,CCLE,113767858,23796,JJN3_HAEMATOPOIETIC_AND_LYMPHOID_TISSUE,ACH-000653,JJN-3,primary,haematopoietic_and_lymphoid_tissue,NS,NS,NS,lymphoid_neoplasm,plasma_cell_myeloma,NS,NS,female,,57,,,Caucasian,,multiple_myeloma,CCLE,DSMZ,single round to oval cells showing  a morphological range from mononuclear to occasionally multinucleated cells growing in suspention,40% Dulbecco's MEM +40% Iscove's MDM + 20% h.i. FBS,,,~  20-35 hrs,,multiple_myeloma,multiple_myeloma,Lymphoma:Multiple_Myeloma,152.3137588,MM,CCLE,Prog_B 2
-1.69399774074554,-0.72216796875,JK1_HAEMATOPOIETIC_AND_LYMPHOID_TISSUE,CCLE,88029366,23032,JK1_HAEMATOPOIETIC_AND_LYMPHOID_TISSUE,ACH-000241,JK-1,primary,haematopoietic_and_lymphoid_tissue,NS,NS,NS,haematopoietic_neoplasm,blast_phase_chronic_myeloid_leukaemia,NS,NS,male,,62,,,Asian,,,CCLE,DSMZ,round single cells growing in suspention (cell pellet shows dedish color hemoglobin),80% RPMI 1640 +20% h.i.FBS,,,~  50 hrs,,CML,CML,Leukemia:CML,122.7622018,LCML,CCLE,Prog_RBC
-5.56149005889893,5.65559387207031,JM1_HAEMATOPOIETIC_AND_LYMPHOID_TISSUE,CCLE,184268725,25242,JM1_HAEMATOPOIETIC_AND_LYMPHOID_TISSUE,ACH-000151,JM1,primary,haematopoietic_and_lymphoid_tissue,NS,NS,NS,lymphoid_neoplasm,B_cell_lymphoma_unspecified,NS,NS,,,,,,Caucasian,,,CCLE,NIBRI,,,,,,,lymphoma_other,B-cell_ALL,Lymphoma:NH_B_cell,101.6673444,DLBC,CCLE,Prog_B 2
-5.59621906280518,5.56998109817505,JURKAT_HAEMATOPOIETIC_AND_LYMPHOID_TISSUE,CCLE,97550525,24090,JURKAT_HAEMATOPOIETIC_AND_LYMPHOID_TISSUE,ACH-000995,JURKAT,primary,haematopoietic_and_lymphoid_tissue,NS,NS,NS,lymphoid_neoplasm,acute_lymphoblastic_T_cell_leukaemia,NS,NS,male,,14,,,Caucasian,,TALL,CCLE,DSMZ,round cells growing singly or in clumps in suspention,90% RPMI 1640 +10% h.i.FBS,2mM L-glutamine,,~  25-35 hrs,,T-cell_ALL,T-cell_ALL,Leukemia:ALL,1452.954999,ALL,CCLE,Prog_B 2
-2.6547384262085,0.496160805225372,JURLMK1_HAEMATOPOIETIC_AND_LYMPHOID_TISSUE,CCLE,95900319,23301,JURLMK1_HAEMATOPOIETIC_AND_LYMPHOID_TISSUE,ACH-000326,JURL-MK1,primary,haematopoietic_and_lymphoid_tissue,NS,NS,NS,haematopoietic_neoplasm,blast_phase_chronic_myeloid_leukaemia,NS,NS,male,,73,,,Caucasian,,,CCLE,DSMZ,round cells growing singly or in small clusters in suspention,90% RPMI1640 +10%h.i. FBS,,,~  48 hrs,,CML,CML,Leukemia:CML,99.11920898,LCML,CCLE,Prog_RBC
-6.06014966964722,6.73950672149658,JVM2_HAEMATOPOIETIC_AND_LYMPHOID_TISSUE,CCLE,87628177,23462,JVM2_HAEMATOPOIETIC_AND_LYMPHOID_TISSUE,ACH-000106,JVM-2,primary,haematopoietic_and_lymphoid_tissue,NS,NS,NS,lymphoid_neoplasm,chronic_lymphocytic_leukaemia-small_lymphocytic_lymphoma,NS,NS,female,,63,,,Caucasian,,B-prolymphocytic_leukemia,CCLE,DSMZ,"lymphoblastoid, round to polygonal cells growing in clusters in suspention",90% RPMI 1640 +10% h.i. FBS,,,~  50-70 hrs,,lymphoma_other,B-cell_lymphoma_other,Lymphoma:NH_B_cell,84.15284963,CLL,CCLE,Plasmablast
-6.22377490997315,6.98450326919556,JVM3_HAEMATOPOIETIC_AND_LYMPHOID_TISSUE,CCLE,104078002,24429,JVM3_HAEMATOPOIETIC_AND_LYMPHOID_TISSUE,ACH-000346,JVM-3,primary,haematopoietic_and_lymphoid_tissue,lymph_node,NS,NS,lymphoid_neoplasm,chronic_lymphocytic_leukaemia-small_lymphocytic_lymphoma,NS,NS,male,,73,,,Caucasian,,,CCLE,DSMZ,lymphoblastoid cells growing in clumps in suspention,90% RPMI 1640 + 10% h. i. FBS,,,~  30 hrs,,lymphoma_other,B-cell_lymphoma_other,Leukemia:CLL,108.0362974,CLL,CCLE,Plasmablast
-2.20095777511597,0.00811138190329075,K562_HAEMATOPOIETIC_AND_LYMPHOID_TISSUE,CCLE,118881232,25496,K562_HAEMATOPOIETIC_AND_LYMPHOID_TISSUE,ACH-000551,K-562,metastasis,haematopoietic_and_lymphoid_tissue,NS,NS,NS,haematopoietic_neoplasm,blast_phase_chronic_myeloid_leukaemia,Ph_positive,NS,female,,53,,,Caucasian,pleura,leukaemia,CCLE,ATCC,SUSPENSION,RPMI-1640+10%FBS,10mM L-GLUTAMINE,5%DMSO,,53.2,CML,CML,Leukemia:CML,131.2836569,LCML,CCLE,Prog_RBC
-6.60371971130371,-0.876887500286102,KARPAS299_HAEMATOPOIETIC_AND_LYMPHOID_TISSUE,CCLE,93525641,23034,KARPAS299_HAEMATOPOIETIC_AND_LYMPHOID_TISSUE,ACH-000053,KARPAS-299,primary,haematopoietic_and_lymphoid_tissue,NS,NS,NS,lymphoid_neoplasm,anaplastic_large_cell_lymphoma,NS,NS,male,,25,,,Caucasian,,CD30+_anaplastic_large_cell_lymphoma,CCLE,ECAAC,"Lymphoblastoid, suspension",RPMI-1640+20% FBS,2mM L-glutamine,5% DMSO,30 hrs,45.5,lymphoma_other,T-cell_lymphoma_other,Lymphoma:NH_T_cell,68.12312717,,CCLE,CD4 Memory
-5.57490110397339,5.59832096099854,KARPAS422_HAEMATOPOIETIC_AND_LYMPHOID_TISSUE,CCLE,93552220,23132,KARPAS422_HAEMATOPOIETIC_AND_LYMPHOID_TISSUE,ACH-000315,KARPAS-422,metastasis,haematopoietic_and_lymphoid_tissue,NS,NS,NS,lymphoid_neoplasm,diffuse_large_B_cell_lymphoma,NS,NS,female,,73,,,Caucasian,pleura,,CCLE,DSMZ,supension,RPMI-1640 + 20% FBS,,10%DMSO,,58.5,lymphoma_DLBCL,lymphoma_DLBCL,Lymphoma:NH_B_cell,108.0711108,DLBC,CCLE,Prog_B 2
-5.77972984313965,5.90539836883545,KARPAS620_HAEMATOPOIETIC_AND_LYMPHOID_TISSUE,CCLE,106012985,25596,KARPAS620_HAEMATOPOIETIC_AND_LYMPHOID_TISSUE,ACH-000193,KARPAS-620,primary,haematopoietic_and_lymphoid_tissue,NS,NS,NS,lymphoid_neoplasm,plasma_cell_myeloma,NS,NS,female,,77,,,Caucasian,,plasma_cell_leukemia,CCLE,DSMZ,single round to polymorph cells growing in suspension,80%RPMI-1640+20% FBS,,10%DMSO,60 hrs,67.6,multiple_myeloma,multiple_myeloma,Lymphoma:Multiple_Myeloma,86.34912544,MM,CCLE,Prog_B 2
-4.82107353210449,1.10531544685364,KASUMI1_HAEMATOPOIETIC_AND_LYMPHOID_TISSUE,CCLE,116709092,25033,KASUMI1_HAEMATOPOIETIC_AND_LYMPHOID_TISSUE,ACH-000263,KASUMI-1,primary,haematopoietic_and_lymphoid_tissue,NS,NS,NS,haematopoietic_neoplasm,acute_myeloid_leukaemia,M2,NS,male,,7,asian,japan,Asian,,,CCLE,GNF,,,,,~ 48 - 72 hrs,67.7,AML,AML,Leukemia:AML,118.4482717,LAML,CCLE,Prog_RBC
-5.58548259735107,5.5943603515625,KASUMI2_HAEMATOPOIETIC_AND_LYMPHOID_TISSUE,CCLE,84303135,22847,KASUMI2_HAEMATOPOIETIC_AND_LYMPHOID_TISSUE,ACH-000728,KASUMI-2,primary,haematopoietic_and_lymphoid_tissue,NS,NS,NS,lymphoid_neoplasm,acute_lymphoblastic_B_cell_leukaemia,L2,NS,male,,15,,,Asian,,acute lymphoblastic leukemia,CCLE,DSMZ,small round cells growing singly or in small clumps in suspension; some loosely adherent,RPMI-1640+10% FBS,,5%DMSO,30 hrs,48.5,leukemia_other,leukemia_other,Leukemia:ALL,243.9954747,ALL,CCLE,Prog_B 2
-3.45095348358154,0.953237175941467,KASUMI6_HAEMATOPOIETIC_AND_LYMPHOID_TISSUE,CCLE,102522796,23474,KASUMI6_HAEMATOPOIETIC_AND_LYMPHOID_TISSUE,ACH-000166,Kasumi-6,primary,haematopoietic_and_lymphoid_tissue,NS,NS,NS,haematopoietic_neoplasm,acute_myeloid_leukaemia,M2,NS,male,,64,asian,,Asian,,,CCLE,ATCC,suspension;dt=55hrs,RPMI-1640+20%FBS,2ng/ml human GM-CSF,5%DMSO,,142.9,AML,AML,Leukemia:AML,131.6466792,LAML,CCLE,Prog_RBC
-3.23344254493713,0.609497547149658,KCL22_HAEMATOPOIETIC_AND_LYMPHOID_TISSUE,CCLE,103670678,23180,KCL22_HAEMATOPOIETIC_AND_LYMPHOID_TISSUE,ACH-000983,KCL-22,metastasis,haematopoietic_and_lymphoid_tissue,NS,NS,NS,haematopoietic_neoplasm,blast_phase_chronic_myeloid_leukaemia,NS,NS,female,,32,,,Asian,pleura,,CCLE,DSMZ,"round, single cells in suspention, sometimes in small clusters",90% RPMI 1640 + 10% h. i. FBS,,,~  24 hrs,,CML,CML,Leukemia:CML,857.8398766,LCML,CCLE,Prog_RBC
-5.64758205413818,5.67852926254273,KE37_HAEMATOPOIETIC_AND_LYMPHOID_TISSUE,CCLE,103226795,24129,KE37_HAEMATOPOIETIC_AND_LYMPHOID_TISSUE,ACH-000101,KE-37,primary,haematopoietic_and_lymphoid_tissue,NS,NS,NS,lymphoid_neoplasm,acute_lymphoblastic_T_cell_leukaemia,NS,NS,male,,27,,,Caucasian,,,CCLE,DSMZ,,,,,25 hrs,,leukemia_other,leukemia_other,Leukemia:ALL,90.43769726,ALL,CCLE,Prog_B 2
-5.65745496749878,5.73344278335571,KE97_HAEMATOPOIETIC_AND_LYMPHOID_TISSUE,CCLE,115743431,24511,KE97_HAEMATOPOIETIC_AND_LYMPHOID_TISSUE,ACH-000167,KE-97,primary,haematopoietic_and_lymphoid_tissue,NS,NS,NS,lymphoid_neoplasm,plasma_cell_myeloma,NS,NS,male,,52,asian,japan,Asian,peritoneum,,CCLE,RIKEN,Adherent,RPMI 1640 +10%FBS,,5% DMSO,,40.3,multiple_myeloma,multiple_myeloma,Lymphoma:Multiple_Myeloma,117.1043494,MM,CCLE,Prog_B 2
-3.38808178901672,0.874289274215698,KG1_HAEMATOPOIETIC_AND_LYMPHOID_TISSUE,CCLE,101058484,23455,KG1_HAEMATOPOIETIC_AND_LYMPHOID_TISSUE,ACH-000386,KG-1,primary,haematopoietic_and_lymphoid_tissue,NS,NS,NS,haematopoietic_neoplasm,acute_myeloid_leukaemia,M6,NS,male,,59,caucasian,,African_american,,,CCLE,ATCC,suspension,IMDM+20%FBS,,5% DMSO,,78.5,AML,AML,Leukemia:AML,128.4480014,LAML,CCLE,Prog_RBC
-5.92593908309937,6.17817974090576,KHM1B_HAEMATOPOIETIC_AND_LYMPHOID_TISSUE,CCLE,95146025,22995,KHM1B_HAEMATOPOIETIC_AND_LYMPHOID_TISSUE,ACH-000564,KHM-1B,primary,haematopoietic_and_lymphoid_tissue,NS,NS,NS,lymphoid_neoplasm,plasma_cell_myeloma,NS,NS,male,,53,,,Asian,,,CCLE,HSSRB,"SUSPENSION, LYMPHOCYTE-LIKE",RPMI-1640+10% FBS,,5%DMSO,,112.8,multiple_myeloma,multiple_myeloma,Lymphoma:Multiple_Myeloma,142.2057449,MM,CCLE,Prog_B 2
-6.34215307235718,-0.534081935882568,KIJK_HAEMATOPOIETIC_AND_LYMPHOID_TISSUE,CCLE,110050832,23182,KIJK_HAEMATOPOIETIC_AND_LYMPHOID_TISSUE,ACH-000773,Ki-JK,primary,haematopoietic_and_lymphoid_tissue,NS,NS,NS,lymphoid_neoplasm,anaplastic_large_cell_lymphoma,NS,NS,male,,15,,,Asian,,,CCLE,HSSRB,lymphoblast-like,RPMI 1640 medium with 10% fetal calf serum.,,,,,lymphoma_other,T-cell_lymphoma_other,Lymphoma:NH_T_cell,208.2736925,,CCLE,Prog_B 2
-5.59351587295532,5.57675123214722,KMH2_HAEMATOPOIETIC_AND_LYMPHOID_TISSUE,CCLE,99266107,23986,KMH2_HAEMATOPOIETIC_AND_LYMPHOID_TISSUE,ACH-000815,KM-H2,metastasis,haematopoietic_and_lymphoid_tissue,NS,NS,NS,lymphoid_neoplasm,Hodgkin_lymphoma,NS,NS,male,,37,,,Asian,pleura,lymphoma,CCLE,,,,,,,,lymphoma_Hodgkin,lymphoma_Hodgkin,Lymphoma:Hodgkin,217.276314,,CCLE,Prog_RBC
-5.69701290130615,5.82457637786865,KMM1_HAEMATOPOIETIC_AND_LYMPHOID_TISSUE,CCLE,103692120,23536,KMM1_HAEMATOPOIETIC_AND_LYMPHOID_TISSUE,ACH-000889,KMM-1,primary,haematopoietic_and_lymphoid_tissue,NS,NS,NS,lymphoid_neoplasm,plasma_cell_myeloma,NS,NS,male,,62,asian,,Asian,,multiple_myeloma,CCLE,HSSRB,lymphocyte-like,RPMI 1640 medium with 10% fetal bovine serum.,,,,,multiple_myeloma,multiple_myeloma,Lymphoma:Multiple_Myeloma,279.6134094,MM,CCLE,Prog_B 2
-5.85935115814209,6.03049373626709,KMS11_HAEMATOPOIETIC_AND_LYMPHOID_TISSUE,CCLE,91720414,22563,KMS11_HAEMATOPOIETIC_AND_LYMPHOID_TISSUE,ACH-000714,KMS-11,primary,haematopoietic_and_lymphoid_tissue,NS,NS,NS,lymphoid_neoplasm,plasma_cell_myeloma,NS,NS,female,,67,asian,,Asian,,multiple_myeloma,CCLE,HSRRB,adherent,RPMI 1640+20%FBS,,5% DMSO,,82.2,multiple_myeloma,multiple_myeloma,Lymphoma:Multiple_Myeloma,191.3080362,MM,CCLE,Prog_B 2
-5.58439540863037,5.63158226013184,KMS12BM_HAEMATOPOIETIC_AND_LYMPHOID_TISSUE,CCLE,115753639,23883,KMS12BM_HAEMATOPOIETIC_AND_LYMPHOID_TISSUE,ACH-000380,KMS-12-BM,primary,haematopoietic_and_lymphoid_tissue,NS,NS,NS,lymphoid_neoplasm,plasma_cell_myeloma,NS,NS,female,,64,,,Asian,,Multiple Myeloma,CCLE,DSMZ,Supsension,RPMI-1640+20% FBS,,5% DMSO,,,multiple_myeloma,multiple_myeloma,Lymphoma:Multiple_Myeloma,127.1502309,MM,CCLE,Prog_B 2
-6.17129230499268,6.64475440979004,KMS18_HAEMATOPOIETIC_AND_LYMPHOID_TISSUE,CCLE,122442535,23822,KMS18_HAEMATOPOIETIC_AND_LYMPHOID_TISSUE,ACH-000658,KMS-18,primary,haematopoietic_and_lymphoid_tissue,NS,NS,NS,lymphoid_neoplasm,plasma_cell_myeloma,NS,NS,,,,,,Asian,,multiple_myeloma,CCLE,NIBRI,,,,,,,multiple_myeloma,multiple_myeloma,,,MM,CCLE,Plasmablast
-5.955810546875,6.16439771652222,KMS20_HAEMATOPOIETIC_AND_LYMPHOID_TISSUE,CCLE,97818471,25573,KMS20_HAEMATOPOIETIC_AND_LYMPHOID_TISSUE,ACH-000426,KMS-20,primary,haematopoietic_and_lymphoid_tissue,NS,NS,NS,lymphoid_neoplasm,plasma_cell_myeloma,NS,NS,female,,65,asian,,Asian,,multiple_myeloma,CCLE,,suspension,RPMI1640+10%FBS,,5%DMSO,,130,multiple_myeloma,multiple_myeloma,Lymphoma:Multiple_Myeloma,130.7608683,MM,CCLE,Prog_B 2
-6.48883390426636,7.35548782348633,KMS21BM_HAEMATOPOIETIC_AND_LYMPHOID_TISSUE,CCLE,113706059,24644,KMS21BM_HAEMATOPOIETIC_AND_LYMPHOID_TISSUE,ACH-000598,KMS-21BM,primary,haematopoietic_and_lymphoid_tissue,NS,NS,NS,lymphoid_neoplasm,plasma_cell_myeloma,NS,NS,male,,62,asian,,Asian,,,CCLE,HSSRB,lymphocyte-like,RPMI 1640 medium with 10% fetal bovine serum.,,,,,multiple_myeloma,multiple_myeloma,Lymphoma:Multiple_Myeloma,160.2806444,MM,CCLE,Plasmablast
-5.80565404891968,6.01135587692261,KMS26_HAEMATOPOIETIC_AND_LYMPHOID_TISSUE,CCLE,124789087,24546,KMS26_HAEMATOPOIETIC_AND_LYMPHOID_TISSUE,ACH-000588,KMS-26,primary,haematopoietic_and_lymphoid_tissue,NS,NS,NS,lymphoid_neoplasm,plasma_cell_myeloma,NS,NS,male,,50,asian,,Asian,,multiple_myeloma,CCLE,,suspension,RPMI1640+10%FBS,,5%DMSO,,33.2,multiple_myeloma,multiple_myeloma,Lymphoma:Multiple_Myeloma,149.7017082,MM,CCLE,Prog_B 2
-5.86557102203369,6.09553670883179,KMS27_HAEMATOPOIETIC_AND_LYMPHOID_TISSUE,CCLE,82221785,22874,KMS27_HAEMATOPOIETIC_AND_LYMPHOID_TISSUE,ACH-000576,KMS-27,primary,haematopoietic_and_lymphoid_tissue,NS,NS,NS,lymphoid_neoplasm,plasma_cell_myeloma,NS,NS,male,,52,asian,,Asian,,multiple_myeloma,CCLE,,suspension,RPMI1640+10%FBS,,5%DMSO,,73.2,multiple_myeloma,multiple_myeloma,Lymphoma:Multiple_Myeloma,169.0552943,MM,CCLE,Prog_B 2
-5.74702215194702,5.91822195053101,KMS28BM_HAEMATOPOIETIC_AND_LYMPHOID_TISSUE,CCLE,113283512,23861,KMS28BM_HAEMATOPOIETIC_AND_LYMPHOID_TISSUE,ACH-000419,KMS-28BM,primary,haematopoietic_and_lymphoid_tissue,NS,NS,NS,lymphoid_neoplasm,plasma_cell_myeloma,NS,NS,female,,77,asian,,Asian,,,CCLE,HSSRB,suspension,RPMI +10%FBS,,5% DMSO,,60,multiple_myeloma,multiple_myeloma,Lymphoma:Multiple_Myeloma,151.6802434,MM,CCLE,Prog_B 2
-5.73238325119019,5.88864803314209,KMS34_HAEMATOPOIETIC_AND_LYMPHOID_TISSUE,CCLE,121113538,24779,KMS34_HAEMATOPOIETIC_AND_LYMPHOID_TISSUE,ACH-000541,KMS-34,primary,haematopoietic_and_lymphoid_tissue,NS,NS,NS,lymphoid_neoplasm,plasma_cell_myeloma,NS,NS,female,,60,asian,,Asian,,multiple_myeloma,CCLE,HSRRB,Supsension,,,5% DMSO,,85.9,multiple_myeloma,multiple_myeloma,Lymphoma:Multiple_Myeloma,136.827034,MM,CCLE,Prog_B 2
-3.27312207221985,0.881315886974335,KO52_HAEMATOPOIETIC_AND_LYMPHOID_TISSUE,CCLE,117742087,24149,KO52_HAEMATOPOIETIC_AND_LYMPHOID_TISSUE,ACH-000498,KO52,primary,haematopoietic_and_lymphoid_tissue,NS,NS,NS,haematopoietic_neoplasm,acute_myeloid_leukaemia,M2,NS,male,,46,,,Asian,,,CCLE,HSSRB,,MEM + 10% FBS,,10%DMSO,,,AML,AML,Leukemia:AML,,LAML,CCLE,Prog_RBC
-5.54189157485962,5.59349822998047,KOPN8_HAEMATOPOIETIC_AND_LYMPHOID_TISSUE,CCLE,108589622,21736,KOPN8_HAEMATOPOIETIC_AND_LYMPHOID_TISSUE,ACH-001106,KOPN-8,primary,haematopoietic_and_lymphoid_tissue,NS,NS,NS,lymphoid_neoplasm,acute_lymphoblastic_B_cell_leukaemia,NS,NS,female,pediatric,0.25,,,Asian,,,CCLE,DSMZ,single round rather small cells growing in suspention,90% RPMI 1640 +10% h. i. FBS,,,~  48 hrs,,B-cell_ALL,B-cell_ALL,Leukemia:ALL,233.7822526,ALL,CCLE,Prog_B 2
-2.30820679664612,-0.103669553995132,KU812_HAEMATOPOIETIC_AND_LYMPHOID_TISSUE,CCLE,101802674,23786,KU812_HAEMATOPOIETIC_AND_LYMPHOID_TISSUE,ACH-000074,KU812,primary,haematopoietic_and_lymphoid_tissue,NS,NS,NS,haematopoietic_neoplasm,chronic_myeloid_leukaemia,Ph_positive,NS,male,,38,asian,,Asian,,,CCLE,GNF,,,,,,,CML,CML,Leukemia:CML,91.91227013,LCML,CCLE,Prog_RBC
-2.21656847000122,0.09599269926548,KYO1_HAEMATOPOIETIC_AND_LYMPHOID_TISSUE,CCLE,97188777,23094,KYO1_HAEMATOPOIETIC_AND_LYMPHOID_TISSUE,ACH-000604,KYO-1,primary,haematopoietic_and_lymphoid_tissue,NS,NS,NS,haematopoietic_neoplasm,blast_phase_chronic_myeloid_leukaemia,NS,NS,male,,22,asian,japan,Asian,,,CCLE,DSMZ,Round Cells or clumps in suspension,RPMI+20%FBS,,10%DMSO,,65.8,CML,CML,Leukemia:CML,187.9377337,LCML,CCLE,Prog_RBC
-5.63404893875122,5.47793483734131,L1236_HAEMATOPOIETIC_AND_LYMPHOID_TISSUE,CCLE,112351809,25061,L1236_HAEMATOPOIETIC_AND_LYMPHOID_TISSUE,ACH-000702,L-1236,primary,haematopoietic_and_lymphoid_tissue,NS,NS,NS,lymphoid_neoplasm,Hodgkin_lymphoma,NS,NS,male,,34,,,Caucasian,,lymphoma,CCLE,DSMZ,Mix,RPMI+10%FBS,,5%DMSO,48 hrs,89.9,lymphoma_Hodgkin,lymphoma_Hodgkin,Lymphoma:Hodgkin,160.8997968,,CCLE,Prog_B 2
-5.81532573699951,6.03347444534302,L363_HAEMATOPOIETIC_AND_LYMPHOID_TISSUE,CCLE,116107781,24843,L363_HAEMATOPOIETIC_AND_LYMPHOID_TISSUE,ACH-000183,L-363,primary,haematopoietic_and_lymphoid_tissue,NS,NS,NS,lymphoid_neoplasm,plasma_cell_myeloma,NS,NS,female,,36,,,Caucasian,,plasma_cell_leukemia,CCLE,DSMZ,SUSPENSION,RPMI-1640+ 15% FBS,,,,60.54,multiple_myeloma,multiple_myeloma,Lymphoma:Multiple_Myeloma,92.88219793,MM,CCLE,Prog_B 2
-5.54308223724365,5.48015022277832,L428_HAEMATOPOIETIC_AND_LYMPHOID_TISSUE,CCLE,111415012,23061,L428_HAEMATOPOIETIC_AND_LYMPHOID_TISSUE,ACH-000754,L-428,metastasis,haematopoietic_and_lymphoid_tissue,NS,NS,NS,lymphoid_neoplasm,Hodgkin_lymphoma,NS,NS,female,,37,,,Caucasian,pleura,lymphoma,CCLE,DSMZ,Supsension,RPMI 1640 +10%FBS,,5% DMSO,,,lymphoma_Hodgkin,lymphoma_Hodgkin,Lymphoma:Hodgkin,157.597842,,CCLE,Prog_B 2
-5.60649538040161,5.52812576293945,L540_HAEMATOPOIETIC_AND_LYMPHOID_TISSUE,CCLE,87849351,22832,L540_HAEMATOPOIETIC_AND_LYMPHOID_TISSUE,ACH-000806,L-540,metastasis,haematopoietic_and_lymphoid_tissue,NS,NS,NS,lymphoid_neoplasm,Hodgkin_lymphoma,NS,NS,female,,20,,,Caucasian,bone_marrow,,CCLE,DSMZ,round cells growing singly in suspention,80% RPMI 1640 + 20% h. i. FBS,,,~  70 hrs,,lymphoma_Hodgkin,lymphoma_Hodgkin,Lymphoma:Hodgkin,189.6209433,,CCLE,Prog_B 2
-2.58403992652893,0.320433527231216,LAMA84_HAEMATOPOIETIC_AND_LYMPHOID_TISSUE,CCLE,123557250,24039,LAMA84_HAEMATOPOIETIC_AND_LYMPHOID_TISSUE,ACH-000301,LAMA-84,primary,haematopoietic_and_lymphoid_tissue,NS,NS,NS,haematopoietic_neoplasm,blast_phase_chronic_myeloid_leukaemia,NS,NS,female,,29,,,Caucasian,,,CCLE,DSMZ,"single, round to polymorph cellsgrowing in suspention, some cells areloosely adherent",90% RPMI 1640 +10% h. i. FBS,,,~  50 hrs,,CML,CML,Leukemia:CML,107.9394111,LCML,CCLE,Prog_RBC
-4.2939944267273,0.883445203304291,LOUCY_HAEMATOPOIETIC_AND_LYMPHOID_TISSUE,CCLE,88938765,23273,LOUCY_HAEMATOPOIETIC_AND_LYMPHOID_TISSUE,ACH-000104,Loucy,primary,haematopoietic_and_lymphoid_tissue,NS,NS,NS,lymphoid_neoplasm,acute_lymphoblastic_T_cell_leukaemia,NS,NS,female,,38,caucasian,,Caucasian,,,CCLE,NIBRI,,,,,,,T-cell_ALL,T-cell_ALL,Leukemia:ALL,95.836918,ALL,CCLE,Prog_RBC
-6.47048377990723,7.43296623229981,LP1_HAEMATOPOIETIC_AND_LYMPHOID_TISSUE,CCLE,120810115,24682,LP1_HAEMATOPOIETIC_AND_LYMPHOID_TISSUE,ACH-000204,LP-1,primary,haematopoietic_and_lymphoid_tissue,NS,NS,NS,lymphoid_neoplasm,plasma_cell_myeloma,NS,NS,female,,56,,,Caucasian,,multiple_myeloma,CCLE,HSRRB,Supsension,IMDM + 20% FBS,,5% DMSO,,127.7,multiple_myeloma,multiple_myeloma,Lymphoma:Multiple_Myeloma,90.81465525,MM,CCLE,Plasmablast
-2.61409568786621,0.469303011894226,M07E_HAEMATOPOIETIC_AND_LYMPHOID_TISSUE,CCLE,106972286,23078,M07E_HAEMATOPOIETIC_AND_LYMPHOID_TISSUE,ACH-000602,M-07e,primary,haematopoietic_and_lymphoid_tissue,NS,NS,NS,haematopoietic_neoplasm,acute_myeloid_leukaemia,M7,NS,female,pediatric,0.5,,,Caucasian,,,CCLE,DSMZ,"single round cells in suspention, a few cells are lightly adherent",80-90% Iscove's MDM or RPMI 1640 +10-20% h. i. FBS,1L-3 ( 10ng/ml) or GM-CSF(10ng/ml) or 10-20% vol conditioned medium of cell line 5637(DSM-ACC 35),,~  40 hrs,,AML,AML,Leukemia:AML,112.4325512,LAML,CCLE,Prog_RBC
-5.62618732452393,5.62764263153076,MC116_HAEMATOPOIETIC_AND_LYMPHOID_TISSUE,CCLE,104624924,22538,MC116_HAEMATOPOIETIC_AND_LYMPHOID_TISSUE,ACH-000583,MC116,metastasis,haematopoietic_and_lymphoid_tissue,NS,NS,NS,lymphoid_neoplasm,B_cell_lymphoma_unspecified,NS,NS,male,,,,,Caucasian,pleura,undifferentiated B lymphoma,CCLE,ATCC,SUSPENSION LYMPHOBLASTS,RPMI-1640+20%FBS,,5%DMSO,26-28 hrs,44.4,lymphoma_other,B-cell_lymphoma_other,Lymphoma:NH_B_cell,132.9188091,DLBC,CCLE,Prog_B 2
-3.30343794822693,0.941291451454163,ME1_HAEMATOPOIETIC_AND_LYMPHOID_TISSUE,CCLE,103785921,21923,ME1_HAEMATOPOIETIC_AND_LYMPHOID_TISSUE,ACH-000439,ME-1,primary,haematopoietic_and_lymphoid_tissue,NS,NS,NS,haematopoietic_neoplasm,acute_myeloid_leukaemia,M4,NS,male,,40,asian,japan,Asian,,,CCLE,DSMZ,SINGLE IN SUSPENSION,RPMI-1640+10% FBS,,5% DMSO,,142.8,AML,AML,Leukemia:AML,166.1564374,LAML,CCLE,Prog_RBC
-5.69771814346314,5.71087217330933,MEC1_HAEMATOPOIETIC_AND_LYMPHOID_TISSUE,CCLE,125903394,23827,MEC1_HAEMATOPOIETIC_AND_LYMPHOID_TISSUE,ACH-000405,MEC-1,primary,haematopoietic_and_lymphoid_tissue,lymph_node,NS,NS,lymphoid_neoplasm,chronic_lymphocytic_leukaemia-small_lymphocytic_lymphoma,NS,NS,male,,61,caucasian,,Caucasian,,lymphoma,CCLE,DSMZ,"round  to polymorphic cells growing in suspention, singly or partly in small aggregates, a few cells  are slightly adherent",90% Iscove's MDM +10% h. i. FBS,,,~  40 hrs,,lymphoma_other,B-cell_lymphoma_other,Leukemia:CLL,123.8583783,CLL,CCLE,Prog_B 2
-2.4679753780365,0.173101246356964,MEG01_HAEMATOPOIETIC_AND_LYMPHOID_TISSUE,CCLE,111161580,24542,MEG01_HAEMATOPOIETIC_AND_LYMPHOID_TISSUE,ACH-000072,MEG-01,primary,haematopoietic_and_lymphoid_tissue,NS,NS,NS,haematopoietic_neoplasm,blast_phase_chronic_myeloid_leukaemia,NS,NS,male,,55,,,Asian,,,CCLE,NIBRI,,,,,,,CML,CML,Leukemia:CML,98.17774552,LCML,CCLE,Prog_RBC
-5.55522298812866,5.60186719894409,MHHCALL2_HAEMATOPOIETIC_AND_LYMPHOID_TISSUE,CCLE,157811853,24551,MHHCALL2_HAEMATOPOIETIC_AND_LYMPHOID_TISSUE,ACH-000020,MHH-CALL-2,primary,haematopoietic_and_lymphoid_tissue,NS,NS,NS,lymphoid_neoplasm,acute_lymphoblastic_B_cell_leukaemia,NS,NS,female,,15,caucasian,,Caucasian,,,CCLE,DSMZ,"single, relatively small round cells growing in suspention",80% RPMI 1640 +20% h. i. FBS,,,~  100 hrs,,B-cell_ALL,B-cell_ALL,Leukemia:ALL,58.29266472,ALL,CCLE,Prog_B 2
-5.61369371414185,5.66832113265991,MHHCALL3_HAEMATOPOIETIC_AND_LYMPHOID_TISSUE,CCLE,132584612,24588,MHHCALL3_HAEMATOPOIETIC_AND_LYMPHOID_TISSUE,ACH-000032,MHH-CALL-3,primary,haematopoietic_and_lymphoid_tissue,NS,NS,NS,lymphoid_neoplasm,acute_lymphoblastic_B_cell_leukaemia,NS,NS,female,,11,,,Caucasian,,,CCLE,DSMZ,"single,relatively small round cells growing in suspention",80% RPMI 1640 + 20% h. i. FBS,,,~  120 hrs,,B-cell_ALL,B-cell_ALL,Leukemia:ALL,76.82971012,ALL,CCLE,Prog_B 2
-5.64380073547363,5.69064903259277,MHHCALL4_HAEMATOPOIETIC_AND_LYMPHOID_TISSUE,CCLE,105498324,23470,MHHCALL4_HAEMATOPOIETIC_AND_LYMPHOID_TISSUE,ACH-000156,MHH-CALL-4,primary,haematopoietic_and_lymphoid_tissue,NS,NS,NS,lymphoid_neoplasm,acute_lymphoblastic_B_cell_leukaemia,NS,NS,male,,10,caucasian,,Caucasian,,,CCLE,DSMZ,"single, round cells growing in suspention, partly in clusters",80% RPMI 1640 + 20% h. i. FBS,,,~  80-100 hrs,,B-cell_ALL,B-cell_ALL,Leukemia:ALL,82.3890816,ALL,CCLE,Prog_B 2
-5.69699382781982,5.72139835357666,MINO_HAEMATOPOIETIC_AND_LYMPHOID_TISSUE,CCLE,163909128,24676,MINO_HAEMATOPOIETIC_AND_LYMPHOID_TISSUE,ACH-000220,Mino,primary,haematopoietic_and_lymphoid_tissue,NS,NS,NS,lymphoid_neoplasm,mantle_cell_lymphoma,NS,NS,male,,64,caucasian,,Caucasian,,mantle_cell_lymphoma,CCLE,GNF,,,,,~ 72 hrs,,lymphoma_other,B-cell_lymphoma_other,Lymphoma:NH_B_cell,107.6976326,DLBC,CCLE,Prog_B 2
-5.4797248840332,5.40352392196655,MJ_HAEMATOPOIETIC_AND_LYMPHOID_TISSUE,CCLE,167913606,25522,MJ_HAEMATOPOIETIC_AND_LYMPHOID_TISSUE,ACH-000077,MJ,primary,haematopoietic_and_lymphoid_tissue,skin,NS,NS,lymphoid_neoplasm,mycosis_fungoides-Sezary_syndrome,NS,NS,male,,50,caucasian,,Caucasian,,,CCLE,NIBRI,,,,,,,lymphoma_other,T-cell_lymphoma_other,Lymphoma:NH_T_cell,83.34526686,,CCLE,Prog_B 2
-5.81957149505615,5.99188947677612,MM1S_HAEMATOPOIETIC_AND_LYMPHOID_TISSUE,CCLE,128578501,24137,MM1S_HAEMATOPOIETIC_AND_LYMPHOID_TISSUE,ACH-000763,MM1-S,primary,haematopoietic_and_lymphoid_tissue,NS,NS,NS,lymphoid_neoplasm,plasma_cell_myeloma,NS,NS,,,,,,African_american,,myeloma,CCLE,ACDC LAB,Mixed,RPMI-1640+ 10% FBS,,,,35.9,multiple_myeloma,multiple_myeloma,Lymphoma:Multiple_Myeloma,176.9697115,MM,CCLE,Prog_B 2
-5.22147655487061,1.00326406955719,MOLM13_HAEMATOPOIETIC_AND_LYMPHOID_TISSUE,CCLE,102775602,22972,MOLM13_HAEMATOPOIETIC_AND_LYMPHOID_TISSUE,ACH-000362,MOLM-13,primary,haematopoietic_and_lymphoid_tissue,NS,NS,NS,haematopoietic_neoplasm,acute_myeloid_leukaemia,M5a,NS,male,,20,,,Asian,,Leukemia,CCLE,DSMZ,suspension; dt=50hrs,RPMI-1640+20%FBS,,5% DMSO,50 hrs,60.6,AML,AML,Leukemia:AML,147.478632,LAML,CCLE,GMP
-2.3815131187439,0.134924903512001,MOLM16_HAEMATOPOIETIC_AND_LYMPHOID_TISSUE,CCLE,163633383,24877,MOLM16_HAEMATOPOIETIC_AND_LYMPHOID_TISSUE,ACH-000369,MOLM-16,primary,haematopoietic_and_lymphoid_tissue,NS,NS,NS,haematopoietic_neoplasm,acute_myeloid_leukaemia,M0,NS,female,,77,asian,japan,Asian,,,CCLE,DSMZ,single or small clumps in suspension,RPMI-1640+20% FBS,10ng/ml GM-CSF,5% DMSO,50-80hrs,73.9,AML,AML,Leukemia:AML,136.4703782,LAML,CCLE,Prog_RBC
-3.33966302871704,0.971415042877197,MOLM6_HAEMATOPOIETIC_AND_LYMPHOID_TISSUE,CCLE,157498814,24642,MOLM6_HAEMATOPOIETIC_AND_LYMPHOID_TISSUE,ACH-000321,MOLM-6,primary,haematopoietic_and_lymphoid_tissue,NS,NS,NS,haematopoietic_neoplasm,blast_phase_chronic_myeloid_leukaemia,NS,NS,male,,44,,,Asian,,,CCLE,DSMZ,SUSPENSION,RPMI-1640 +20%FBS,,5% DMSO,,78.8,CML,CML,Leukemia:CML,175.6826251,LCML,CCLE,Prog_RBC
-6.47925233840942,7.43310737609863,MOLP2_HAEMATOPOIETIC_AND_LYMPHOID_TISSUE,CCLE,113827589,25442,MOLP2_HAEMATOPOIETIC_AND_LYMPHOID_TISSUE,ACH-000453,MOLP-2,primary,haematopoietic_and_lymphoid_tissue,NS,NS,NS,lymphoid_neoplasm,plasma_cell_myeloma,NS,NS,male,,55,,,Asian,,,CCLE,DSMZ,round to polymorph cells growing singly or in small clumps,RPMI-1640+20% FBS,,5%DMSO,4 days,310.4,multiple_myeloma,multiple_myeloma,Lymphoma:Multiple_Myeloma,147.7800001,MM,CCLE,Plasmablast
-6.1393837928772,6.6778712272644,MOLP8_HAEMATOPOIETIC_AND_LYMPHOID_TISSUE,CCLE,157325857,25153,MOLP8_HAEMATOPOIETIC_AND_LYMPHOID_TISSUE,ACH-000745,MOLP-8,primary,haematopoietic_and_lymphoid_tissue,NS,NS,NS,lymphoid_neoplasm,plasma_cell_myeloma,NS,NS,male,,52,asian,japan,Asian,,,CCLE,DSMZ,"single round cells in suspention, some cells loosely adherent",80% RPMI 1640 + 20% h. i. FBS,,,~  40 hrs,,multiple_myeloma,multiple_myeloma,Lymphoma:Multiple_Myeloma,211.6889833,MM,CCLE,Plasmablast
-5.65631008148193,5.50286149978638,MOLT13_HAEMATOPOIETIC_AND_LYMPHOID_TISSUE,CCLE,104747814,26045,MOLT13_HAEMATOPOIETIC_AND_LYMPHOID_TISSUE,ACH-000795,MOLT-13,primary,haematopoietic_and_lymphoid_tissue,NS,NS,NS,lymphoid_neoplasm,acute_lymphoblastic_T_cell_leukaemia,L2,NS,female,,2,,,Caucasian,,,CCLE,DSMZ,Suspension; Extremely slow grower,RPMI-1640 +20% FBS,,5% DMSO,,305.5,T-cell_ALL,T-cell_ALL,Leukemia:ALL,169.7847622,ALL,CCLE,Prog_B 2
-5.63590669631958,5.49646282196045,MOLT16_HAEMATOPOIETIC_AND_LYMPHOID_TISSUE,CCLE,135750420,24440,MOLT16_HAEMATOPOIETIC_AND_LYMPHOID_TISSUE,ACH-000918,MOLT-16,primary,haematopoietic_and_lymphoid_tissue,NS,NS,NS,lymphoid_neoplasm,acute_lymphoblastic_T_cell_leukaemia,NS,NS,female,,5,,,African_american,,,CCLE,DSMZ,round to elongated single cells growing in suspention,80-90% RPMI 1640 +10-20% h. i. FBS,,,~  30 hrs,,T-cell_ALL,T-cell_ALL,Leukemia:ALL,346.9044201,ALL,CCLE,CD4 Memory
-5.628821849823,5.63705110549927,MOLT3_HAEMATOPOIETIC_AND_LYMPHOID_TISSUE,CCLE,154789775,25028,MOLT3_HAEMATOPOIETIC_AND_LYMPHOID_TISSUE,ACH-000964,MOLT-3,,haematopoietic_and_lymphoid_tissue,NS,NS,NS,lymphoid_neoplasm,acute_lymphoblastic_T_cell_leukaemia,NS,NS,male,,19,,,Caucasian,,leukaemia,COSMIC,PT-6ZZI,suspension,RPMI + 10 % FBS,,5% DMSO,,50.9,T-cell_ALL,T-cell_ALL,Leukemia:ALL,529.6768544,ALL,CCLE,Prog_B 2
-5.84578943252564,0.617710828781128,MONOMAC1_HAEMATOPOIETIC_AND_LYMPHOID_TISSUE,CCLE,105417055,23923,MONOMAC1_HAEMATOPOIETIC_AND_LYMPHOID_TISSUE,ACH-001129,MONO-MAC-1,primary,haematopoietic_and_lymphoid_tissue,NS,NS,NS,haematopoietic_neoplasm,acute_myeloid_leukaemia,M5,NS,male,,64,,,Caucasian,,,CCLE,DSMZ,"single, round/multiformed cells in suspention",90% RPMI 1640 +10% h. i. FBS,2mM L- glutamine+1x non-essential amino acids+1mM sodium pyruvate,,~  30-50 hrs,77.9,AML,AML,Leukemia:AML,93.81800176,LAML,CCLE,GMP
-4.95869398117065,0.993911683559418,MONOMAC6_HAEMATOPOIETIC_AND_LYMPHOID_TISSUE,CCLE,132271395,24229,MONOMAC6_HAEMATOPOIETIC_AND_LYMPHOID_TISSUE,ACH-000006,MONO-MAC-6,primary,haematopoietic_and_lymphoid_tissue,NS,NS,NS,haematopoietic_neoplasm,acute_myeloid_leukaemia,M5,NS,male,,64,,,Caucasian,,,CCLE,DSMZ,"single, round/ multiformed cells or small clusters of cells in suspention, sometimes loosely adherent; 1-5% giant cells",90% RPMI 1640 +10% h.i. FBS,2mM L-glutamine + non-essential amino acids +1 mM sodium pyruvate + 10ug/ml human insulin,,~  60 hrs,55.3,AML,AML,Leukemia:AML,77.06523381,LAML,CCLE,GMP
-3.35374522209168,1.0450302362442,MUTZ3_HAEMATOPOIETIC_AND_LYMPHOID_TISSUE,CCLE,67497880,23206,MUTZ3_HAEMATOPOIETIC_AND_LYMPHOID_TISSUE,ACH-000084,MUTZ-3,primary,haematopoietic_and_lymphoid_tissue,NS,NS,NS,haematopoietic_neoplasm,acute_myeloid_leukaemia,M4,NS,male,,29,,,Caucasian,,,CCLE,DSMZ,Suspension; Extremely slow grower,MEM + 20% FBS,10ng/ml SCF,10%DMSO,,,AML,AML,,83.53472646,LAML,CCLE,Prog_RBC
-5.55470418930054,5.56804990768433,MUTZ5_HAEMATOPOIETIC_AND_LYMPHOID_TISSUE,CCLE,152380025,24323,MUTZ5_HAEMATOPOIETIC_AND_LYMPHOID_TISSUE,ACH-000492,MUTZ-5,primary,haematopoietic_and_lymphoid_tissue,NS,NS,NS,lymphoid_neoplasm,acute_lymphoblastic_B_cell_leukaemia,NS,NS,male,,26,,,Caucasian,,,CCLE,DSMZ,SUSPENSION,RPMI-1640 +20% FBS,,5% DMSO,,279.2,B-cell_ALL,B-cell_ALL,Leukemia:ALL,130.1232045,ALL,CCLE,Prog_B 2
-6.36516666412354,-0.301603645086288,MV411_HAEMATOPOIETIC_AND_LYMPHOID_TISSUE,CCLE,139730705,23880,MV411_HAEMATOPOIETIC_AND_LYMPHOID_TISSUE,ACH-000045,MV-4-11,primary,haematopoietic_and_lymphoid_tissue,lymph_node,NS,NS,haematopoietic_neoplasm,acute_myeloid_leukaemia,M5,NS,male,,10,,,Caucasian,,leukaemia,CCLE,ATCC,suspension,IMDM+10% FBS,,5% DMSO,,55.2,AML,AML,Leukemia:AML,70.07829872,LAML,CCLE,GMP
-5.70802974700928,5.53123664855957,NALM19_HAEMATOPOIETIC_AND_LYMPHOID_TISSUE,CCLE,170404066,24863,NALM19_HAEMATOPOIETIC_AND_LYMPHOID_TISSUE,ACH-000130,NALM-19,primary,haematopoietic_and_lymphoid_tissue,NS,NS,NS,lymphoid_neoplasm,acute_lymphoblastic_B_cell_leukaemia,NS,NS,male,,26,,,Asian,,,CCLE,DSMZ,small single round cells growing in suspension; small clumps,RPMI-1640+20% FBS,,5% DMSO,50-70 hrs,,B-cell_ALL,B-cell_ALL,Leukemia:ALL,117.228861,ALL,CCLE,Prog_B 2
-5.70314264297485,5.55150842666626,NALM1_HAEMATOPOIETIC_AND_LYMPHOID_TISSUE,CCLE,139842310,24538,NALM1_HAEMATOPOIETIC_AND_LYMPHOID_TISSUE,ACH-000462,NALM-1,primary,haematopoietic_and_lymphoid_tissue,NS,NS,NS,haematopoietic_neoplasm,blast_phase_chronic_myeloid_leukaemia,NS,NS,female,,3,,,African_american,,,CCLE,DSMZ,"small, single, round cells in suspention",80-90% RPMI 1640 +10-20% h. i. FBS,,,~  48 hrs,,CML,CML,Leukemia:CML,130.1010779,LCML,CCLE,Prog_B 2
-5.73644781112671,5.44350624084473,NALM6_HAEMATOPOIETIC_AND_LYMPHOID_TISSUE,CCLE,105612105,23858,NALM6_HAEMATOPOIETIC_AND_LYMPHOID_TISSUE,ACH-000938,NALM-6,primary,haematopoietic_and_lymphoid_tissue,NS,NS,NS,lymphoid_neoplasm,acute_lymphoblastic_B_cell_leukaemia,NS,NS,male,,19,,,Caucasian,,,CCLE,DSMZ,"single, small, round cells in suspention",90% RPMI 1640 +10% h. i. FBS,,,~  36 hrs,,B-cell_ALL,B-cell_ALL,Leukemia:ALL,470.0581531,ALL,CCLE,Prog_B 2
-5.444655418396,5.55719423294067,NAMALWA_HAEMATOPOIETIC_AND_LYMPHOID_TISSUE,CCLE,163081186,24816,NAMALWA_HAEMATOPOIETIC_AND_LYMPHOID_TISSUE,ACH-000944,NAMALWA,primary,haematopoietic_and_lymphoid_tissue,NS,NS,NS,lymphoid_neoplasm,Burkitt_lymphoma,NS,NS,female,,3,,,African_american,,lymphoma,CCLE,JCRB,Lymphoblast like; suspension,RPMI-1640+10% FBS,,5% DMSO,,54.1,lymphoma_Burkitt,lymphoma_Burkitt,Lymphoma:NH_B_cell,670.6935477,DLBC,CCLE,Prog_B 2
-4.92440891265869,1.31376051902771,NB4_HAEMATOPOIETIC_AND_LYMPHOID_TISSUE,CCLE,128375865,24007,NB4_HAEMATOPOIETIC_AND_LYMPHOID_TISSUE,ACH-000294,NB-4,primary,haematopoietic_and_lymphoid_tissue,NS,NS,NS,haematopoietic_neoplasm,acute_myeloid_leukaemia,M3,NS,female,,23,,,Caucasian,,,CCLE,DSMZ,"single cells in suspention, round or polymorphic cells, very few are giant cells",90% rPMI 1640 + 10% h. i. FBS,,,~  35-45 hrs,,AML,AML,Leukemia:AML,110.9067632,LAML,CCLE,GMP
-6.0854115486145,6.56884336471558,NCIH929_HAEMATOPOIETIC_AND_LYMPHOID_TISSUE,CCLE,155164595,25942,NCIH929_HAEMATOPOIETIC_AND_LYMPHOID_TISSUE,ACH-000050,NCI-H929,metastasis,haematopoietic_and_lymphoid_tissue,NS,NS,NS,lymphoid_neoplasm,plasma_cell_myeloma,NS,NS,female,,62,caucasian,,Caucasian,pleura,multiple_myeloma,CCLE,,Suspension,RPMI1640+10%FBS,,5%DMSO,,97.2,multiple_myeloma,multiple_myeloma,Lymphoma:Multiple_Myeloma,74.63707721,MM,CCLE,Plasmablast
-2.20607566833496,0.0185638535767794,NCO2_HAEMATOPOIETIC_AND_LYMPHOID_TISSUE,CCLE,182696649,25104,NCO2_HAEMATOPOIETIC_AND_LYMPHOID_TISSUE,ACH-000076,NCO2,primary,haematopoietic_and_lymphoid_tissue,NS,NS,NS,haematopoietic_neoplasm,chronic_myeloid_leukaemia,NS,NS,female,,35,,,Asian,,,CCLE,HSSRB,,,,,,,CML,CML,Leukemia:CML,110.6743889,LCML,CCLE,Prog_RBC
-6.45572662353516,-0.369872599840164,NOMO1_HAEMATOPOIETIC_AND_LYMPHOID_TISSUE,CCLE,145689436,24771,NOMO1_HAEMATOPOIETIC_AND_LYMPHOID_TISSUE,ACH-000168,NOMO-1,primary,haematopoietic_and_lymphoid_tissue,NS,NS,NS,haematopoietic_neoplasm,acute_myeloid_leukaemia,M5,NS,female,,31,,,Asian,,,CCLE,HSRRB,,,,,,66.5,AML,AML,Leukemia:AML,120.1151389,LAML,CCLE,GMP
-5.69567489624023,5.80903100967407,NUDHL1_HAEMATOPOIETIC_AND_LYMPHOID_TISSUE,CCLE,160164715,24049,NUDHL1_HAEMATOPOIETIC_AND_LYMPHOID_TISSUE,ACH-000388,NU-DHL-1,metastasis,haematopoietic_and_lymphoid_tissue,NS,NS,NS,lymphoid_neoplasm,diffuse_large_B_cell_lymphoma,NS,NS,male,,73,caucasian,,Caucasian,lymph_node,,CCLE,DSMZ,"single, round to polymorph  in suspention",80-90% RPMI 1640+ 10-20% h. i. FBS,,,~  50 hrs,,lymphoma_DLBCL,lymphoma_DLBCL,Lymphoma:NH_B_cell,124.3967492,DLBC,CCLE,Plasmablast
-5.59308099746704,5.60657548904419,NUDUL1_HAEMATOPOIETIC_AND_LYMPHOID_TISSUE,CCLE,120660987,24233,NUDUL1_HAEMATOPOIETIC_AND_LYMPHOID_TISSUE,ACH-000287,NU-DUL-1,metastasis,haematopoietic_and_lymphoid_tissue,NS,NS,NS,lymphoid_neoplasm,B_cell_lymphoma_unspecified,NS,NS,male,,43,caucasian,,Caucasian,cerebrospinal_fluid,,CCLE,DSMZ,polymorphic cells growing singly in suspention,85% RPMI 1640 +15% h. i. FBS,,,~  30-36 hrs,,lymphoma_other,B-cell_lymphoma_other,Lymphoma:NH_B_cell,87.64649975,DLBC,CCLE,Prog_B 2
-6.51605939865112,-0.654141426086426,OCIAML2_HAEMATOPOIETIC_AND_LYMPHOID_TISSUE,CCLE,125879225,24223,OCIAML2_HAEMATOPOIETIC_AND_LYMPHOID_TISSUE,ACH-000113,OCI-AML2,primary,haematopoietic_and_lymphoid_tissue,NS,NS,NS,haematopoietic_neoplasm,acute_myeloid_leukaemia,M4,NS,male,,65,,,Caucasian,,,CCLE,DSMZ,"single, round to oval cells  in suspention",80-90% RPMI 1640 +10-20% h. i. FBS,,,~ 30-50 hrs,,AML,AML,Leukemia:AML,102.9637208,LAML,CCLE,GMP
-6.48798227310181,-0.759274184703827,OCIAML3_HAEMATOPOIETIC_AND_LYMPHOID_TISSUE,CCLE,121395349,23134,OCIAML3_HAEMATOPOIETIC_AND_LYMPHOID_TISSUE,ACH-000336,OCI-AML3,primary,haematopoietic_and_lymphoid_tissue,NS,NS,NS,haematopoietic_neoplasm,acute_myeloid_leukaemia,M4,NS,male,,57,,,Caucasian,,,CCLE,DSMZ,"single, mostly round cells growing in suspention",80% alpha-MEM + 20% h. i. FBS,,,~  35-40 hrs,70.4,AML,AML,Leukemia:AML,96.19953871,LAML,CCLE,Prog_RBC
-3.13368082046509,0.700595438480377,OCIAML5_HAEMATOPOIETIC_AND_LYMPHOID_TISSUE,CCLE,123267751,24366,OCIAML5_HAEMATOPOIETIC_AND_LYMPHOID_TISSUE,ACH-000065,OCI-AML5,primary,haematopoietic_and_lymphoid_tissue,NS,NS,NS,haematopoietic_neoplasm,acute_myeloid_leukaemia,M4,NS,male,,77,,,Caucasian,,,CCLE,DSMZ,round cells growing singly or in clumps in suspention,70% alpha-MEM + 20% h. i. FBS,10% vol conditioned medium of cell line 5637 (DSM ACC 35) (or 10ng/ml GM-CSF,,~  30-50 hrs,,AML,AML,Leukemia:AML,86.42270075,LAML,CCLE,Prog_RBC
-5.48276281356812,5.46894979476929,OCILY19_HAEMATOPOIETIC_AND_LYMPHOID_TISSUE,CCLE,145001978,23947,OCILY19_HAEMATOPOIETIC_AND_LYMPHOID_TISSUE,ACH-000124,OCI-LY-19,primary,haematopoietic_and_lymphoid_tissue,NS,NS,NS,lymphoid_neoplasm,diffuse_large_B_cell_lymphoma,NS,NS,female,,27,,,Caucasian,,germinal center B-cell-like (GCB) DLBCL,CCLE,DSMZ,SUSPENSION,alphaMEM+20%FBS,,5% DMSO,,51.1,lymphoma_DLBCL,lymphoma_DLBCL,Lymphoma:NH_B_cell,82.42671335,DLBC,CCLE,Prog_B 2
-5.69796419143677,5.74405765533447,OCILY3_HAEMATOPOIETIC_AND_LYMPHOID_TISSUE,CCLE,246348161,25775,OCILY3_HAEMATOPOIETIC_AND_LYMPHOID_TISSUE,ACH-000158,OCI-LY3,primary,haematopoietic_and_lymphoid_tissue,NS,NS,NS,lymphoid_neoplasm,diffuse_large_B_cell_lymphoma,NS,NS,,,,,,Caucasian,,,CCLE,ACADEMIC,SUSPENSION,RPMI-1640+20%FBS,,5% DMSO,,45.4,lymphoma_DLBCL,lymphoma_DLBCL,Lymphoma:NH_B_cell,109.4602923,DLBC,CCLE,Prog_B 2
-2.40629243850708,-0.0285331327468157,OCIM1_HAEMATOPOIETIC_AND_LYMPHOID_TISSUE,CCLE,113373162,23902,OCIM1_HAEMATOPOIETIC_AND_LYMPHOID_TISSUE,ACH-000751,OCI-M1,primary,haematopoietic_and_lymphoid_tissue,NS,NS,NS,haematopoietic_neoplasm,acute_myeloid_leukaemia,M6,NS,,,62,,,Caucasian,,,CCLE,DSMZ,round cells growind singly in suspention,80-90% Iscove's MDM +10-20% h.i. FBS,,,~  30 hrs,,AML,AML,Leukemia:AML,171.0793336,LAML,CCLE,Prog_RBC
-5.92055511474609,6.20448589324951,OPM2_HAEMATOPOIETIC_AND_LYMPHOID_TISSUE,CCLE,110944144,24672,OPM2_HAEMATOPOIETIC_AND_LYMPHOID_TISSUE,ACH-000024,OPM-2,primary,haematopoietic_and_lymphoid_tissue,NS,NS,NS,lymphoid_neoplasm,plasma_cell_myeloma,NS,NS,female,,56,,,Asian,,multiple_myeloma,CCLE,DSMZ,suspension,RPMI + 10 % FBS,,5%DMSO,,93,multiple_myeloma,multiple_myeloma,Lymphoma:Multiple_Myeloma,149.10268,MM,CCLE,Plasmablast
-5.55597257614136,5.59325647354126,P12ICHIKAWA_HAEMATOPOIETIC_AND_LYMPHOID_TISSUE,CCLE,162619503,25065,P12ICHIKAWA_HAEMATOPOIETIC_AND_LYMPHOID_TISSUE,ACH-000372,P12-ICHIKAWA,primary,haematopoietic_and_lymphoid_tissue,NS,NS,NS,lymphoid_neoplasm,acute_lymphoblastic_T_cell_leukaemia,NS,NS,male,,7,,,Asian,,TALL,CCLE,DSMZ,"single, polymorph cells in suspention",90% RPMI 1640 +10% h.i. FBS,,,~  40-50 hrs,,T-cell_ALL,T-cell_ALL,Leukemia:ALL,145.9780565,ALL,CCLE,Prog_B 2
-4.96655654907227,1.05399394035339,P31FUJ_HAEMATOPOIETIC_AND_LYMPHOID_TISSUE,CCLE,141471502,24787,P31FUJ_HAEMATOPOIETIC_AND_LYMPHOID_TISSUE,ACH-000770,P31/FUJ,primary,haematopoietic_and_lymphoid_tissue,NS,NS,NS,haematopoietic_neoplasm,acute_myeloid_leukaemia,M5,NS,male,,,asian,,Asian,,,CCLE,HSSRB,lymphocyte-like,RPMI 1640 medium with 10% fetal calf serum,,,,,AML,AML,Leukemia:AML,220.9309703,LAML,CCLE,GMP
-5.7476863861084,5.70997285842896,P3HR1_HAEMATOPOIETIC_AND_LYMPHOID_TISSUE,CCLE,139728196,23822,P3HR1_HAEMATOPOIETIC_AND_LYMPHOID_TISSUE,ACH-000707,P3HR-1,metastasis,haematopoietic_and_lymphoid_tissue,NS,NS,NS,lymphoid_neoplasm,Burkitt_lymphoma,NS,NS,male,,7,african_american,,African_american,ascites,Burkitts lymphoma,CCLE,NIBRI,,,,,,,lymphoma_Burkitt,lymphoma_Burkitt,Lymphoma:NH_B_cell,166.4564059,DLBC,CCLE,Prog_B 2
-5.54209423065186,5.55138254165649,PEER_HAEMATOPOIETIC_AND_LYMPHOID_TISSUE,CCLE,146483904,24448,PEER_HAEMATOPOIETIC_AND_LYMPHOID_TISSUE,ACH-000519,PEER,primary,haematopoietic_and_lymphoid_tissue,NS,NS,NS,lymphoid_neoplasm,acute_lymphoblastic_T_cell_leukaemia,NS,NS,female,,4,,,Caucasian,,T-ALL,CCLE,HSRRB,lymphocyte-like,RPMI 1640 medium with fetal calf serum,,,,,T-cell_ALL,T-cell_ALL,Leukemia:ALL,129.0002319,ALL,CCLE,Prog_B 2
-5.67351865768433,5.52446937561035,PF382_HAEMATOPOIETIC_AND_LYMPHOID_TISSUE,CCLE,118713818,25101,PF382_HAEMATOPOIETIC_AND_LYMPHOID_TISSUE,ACH-000937,PF-382,metastasis,haematopoietic_and_lymphoid_tissue,NS,NS,NS,lymphoid_neoplasm,acute_lymphoblastic_T_cell_leukaemia,NS,NS,female,,6,,,Caucasian,pleura,TALL,CCLE,DSMZ,"single, round to oval cells in suspention",90% RPMI 1640 +10% h.i. FBS,,,~  70 hrs,,T-cell_ALL,T-cell_ALL,Leukemia:ALL,514.4327731,ALL,CCLE,Prog_B 2
-5.69469594955444,5.5828447341919,PFEIFFER_HAEMATOPOIETIC_AND_LYMPHOID_TISSUE,CCLE,164285032,25003,PFEIFFER_HAEMATOPOIETIC_AND_LYMPHOID_TISSUE,ACH-000140,Pfeiffer,metastasis,haematopoietic_and_lymphoid_tissue,NS,NS,NS,lymphoid_neoplasm,diffuse_large_B_cell_lymphoma,NS,NS,male,,,caucasian,,Caucasian,pleura,,CCLE,ATCC,"suspension, lymphoblast",RPMI-1640 + 10% FBS,,5%DMSO,,34.1,lymphoma_DLBCL,lymphoma_DLBCL,Lymphoma:NH_B_cell,107.2860755,DLBC,CCLE,Prog_B 2
-6.49573945999146,-0.273920148611069,PL21_HAEMATOPOIETIC_AND_LYMPHOID_TISSUE,CCLE,151022601,24097,PL21_HAEMATOPOIETIC_AND_LYMPHOID_TISSUE,ACH-000218,PL-21,primary,haematopoietic_and_lymphoid_tissue,NS,NS,NS,haematopoietic_neoplasm,acute_myeloid_leukaemia,M3,NS,male,,24,,,Asian,,,CCLE,DSMZ,single cells in suspention; cells have a rather monoblastic morphology  without the typical APL granules,80% RPMI 1640 +20% h.i. FBs,,,~ 50 hrs,72.8,AML,AML,Leukemia:AML,141.5984896,LAML,CCLE,GMP
-4.14866781234741,0.935399234294891,PLB985_HAEMATOPOIETIC_AND_LYMPHOID_TISSUE,CCLE,129748807,23132,PLB985_HAEMATOPOIETIC_AND_LYMPHOID_TISSUE,ACH-000034,PLB-985,,haematopoietic_and_lymphoid_tissue,NS,NS,NS,haematopoietic_neoplasm,acute_myeloid_leukaemia,NS,NS,,,,,,Caucasian,,,COSMIC,,,,,,,,AML,AML,,,LAML,CCLE,Prog_RBC
-5.54960489273071,5.59021234512329,RAJI_HAEMATOPOIETIC_AND_LYMPHOID_TISSUE,CCLE,160058047,24354,RAJI_HAEMATOPOIETIC_AND_LYMPHOID_TISSUE,ACH-000654,Raji,primary,haematopoietic_and_lymphoid_tissue,NS,NS,NS,lymphoid_neoplasm,Burkitt_lymphoma,NS,NS,male,,12,african,,African_american,,lymphoma,CCLE,NIBRI,,,,,,,lymphoma_Burkitt,lymphoma_Burkitt,Lymphoma:NH_B_cell,170.4549408,DLBC,CCLE,Prog_B 2
-5.5292329788208,5.55442190170288,RCHACV_HAEMATOPOIETIC_AND_LYMPHOID_TISSUE,CCLE,184751111,24998,RCHACV_HAEMATOPOIETIC_AND_LYMPHOID_TISSUE,ACH-000922,RCH-ACV,primary,haematopoietic_and_lymphoid_tissue,NS,NS,NS,lymphoid_neoplasm,acute_lymphoblastic_B_cell_leukaemia,NS,NS,female,,8,,,Caucasian,,acute lymphoblastic leukemia,CCLE,DSMZ,small round cells growing singly or in small clumps in suspention; accasional adherent cells present,80-90% RPMI 1640 +10-20% h.i. FBS,,,~  30-50 hrs,39.3,leukemia_other,leukemia_other,Leukemia:ALL,348.9953553,ALL,CCLE,Prog_B 2
-5.61612510681152,5.63439130783081,REC1_HAEMATOPOIETIC_AND_LYMPHOID_TISSUE,CCLE,158633339,25262,REC1_HAEMATOPOIETIC_AND_LYMPHOID_TISSUE,ACH-000068,REC-1,primary,haematopoietic_and_lymphoid_tissue,NS,NS,NS,lymphoid_neoplasm,mantle_cell_lymphoma,NS,NS,male,,61,,,Caucasian,,mantle_cell_lymphoma,CCLE,DSMZ,small round cells growing singly or in  clumps in suspention,90% RPMI 1640 +10% h.i. FBS,,,~  20-40 hrs,,lymphoma_other,B-cell_lymphoma_other,Lymphoma:NH_B_cell,84.25322655,DLBC,CCLE,Prog_B 2
-5.55385065078735,5.58984756469727,REH_HAEMATOPOIETIC_AND_LYMPHOID_TISSUE,CCLE,107671741,23824,REH_HAEMATOPOIETIC_AND_LYMPHOID_TISSUE,ACH-000960,Reh,primary,haematopoietic_and_lymphoid_tissue,NS,NS,NS,lymphoid_neoplasm,acute_lymphoblastic_B_cell_leukaemia,NS,NS,female,,15,north_african,,Caucasian,,,CCLE,ATCC,Lymphoblast suspension,RPMI 1640+10%FBS,,5%DMSO,,62.7,B-cell_ALL,B-cell_ALL,Leukemia:ALL,485.4417354,ALL,CCLE,Prog_B 2
-5.47862434387207,5.77012920379639,RI1_HAEMATOPOIETIC_AND_LYMPHOID_TISSUE,CCLE,164053165,24126,RI1_HAEMATOPOIETIC_AND_LYMPHOID_TISSUE,ACH-000398,RI-1,primary,haematopoietic_and_lymphoid_tissue,NS,NS,NS,lymphoid_neoplasm,B_cell_lymphoma_unspecified,NS,NS,female,,57,,,Caucasian,,b_cell_non_hodgkin_lymphoma,CCLE,DSMZ,large round cells growing in suspention,90% RPMI 1640 +10% h.i. FBS,,,~  48-72 hrs,,lymphoma_other,B-cell_lymphoma_other,Lymphoma:NH_B_cell,124.7637218,DLBC,CCLE,Prog_B 2
-5.55963611602783,5.58820390701294,RL_HAEMATOPOIETIC_AND_LYMPHOID_TISSUE,CCLE,110631573,23044,RL_HAEMATOPOIETIC_AND_LYMPHOID_TISSUE,ACH-000371,RL,metastasis,haematopoietic_and_lymphoid_tissue,NS,NS,NS,lymphoid_neoplasm,B_cell_lymphoma_unspecified,NS,NS,male,,52,caucasian,,Caucasian,ascites,non-Hodgkins lymphoma,CCLE,,suspension,RPMI1640+20%FBS,,5% DMSO,,62.5,lymphoma_other,B-cell_lymphoma_other,Lymphoma:NH_B_cell,108.5911079,DLBC,CCLE,Prog_B 2
-5.68873023986816,5.75493383407593,RPMI8226_HAEMATOPOIETIC_AND_LYMPHOID_TISSUE,CCLE,104378777,24143,RPMI8226_HAEMATOPOIETIC_AND_LYMPHOID_TISSUE,ACH-000817,RPMI 8226,primary,haematopoietic_and_lymphoid_tissue,NS,NS,NS,lymphoid_neoplasm,plasma_cell_myeloma,NS,NS,male,,61,,,African_american,,myeloma,CCLE,ATCC,"Lymphoblast, suspension",RPMI-1640+ 10% FBS,,5% DMSO,,76.6,multiple_myeloma,multiple_myeloma,Lymphoma:Multiple_Myeloma,169.3069282,MM,CCLE,Prog_B 2
-5.58596754074097,5.2190842628479,RPMI8402_HAEMATOPOIETIC_AND_LYMPHOID_TISSUE,CCLE,135151487,24843,RPMI8402_HAEMATOPOIETIC_AND_LYMPHOID_TISSUE,ACH-000636,RPMI-8402,primary,haematopoietic_and_lymphoid_tissue,NS,NS,NS,lymphoid_neoplasm,acute_lymphoblastic_T_cell_leukaemia,NS,NS,female,,16,,,Caucasian,,TALL,CCLE,DSMZ,SUSPENSION,RPMI-1640+ 10% FBS,,5% DMSO,,51.7,T-cell_ALL,T-cell_ALL,Leukemia:ALL,146.5725381,ALL,CCLE,Prog_B 2
-5.50384283065796,5.5268087387085,RS411_HAEMATOPOIETIC_AND_LYMPHOID_TISSUE,CCLE,114278892,23009,RS411_HAEMATOPOIETIC_AND_LYMPHOID_TISSUE,ACH-000874,RS4;11,primary,haematopoietic_and_lymphoid_tissue,NS,NS,NS,lymphoid_neoplasm,acute_lymphoblastic_B_cell_leukaemia,NS,NS,female,,32,caucasian,,Caucasian,,,CCLE,ATCC,Suspension,RPMI-1640+10% FBS,,5%DMSO,,181.7,B-cell_ALL,B-cell_ALL,Leukemia:ALL,266.6254865,ALL,CCLE,Prog_B 2
-5.73779821395874,5.72715044021606,SEM_HAEMATOPOIETIC_AND_LYMPHOID_TISSUE,CCLE,109516133,23955,SEM_HAEMATOPOIETIC_AND_LYMPHOID_TISSUE,ACH-000782,SEM,primary,haematopoietic_and_lymphoid_tissue,NS,NS,NS,lymphoid_neoplasm,acute_lymphoblastic_B_cell_leukaemia,NS,NS,female,,5,,,Caucasian,,,CCLE,DSMZ,"SUSPENSION (round polygonal single, rather small cells)",IMDM+10%FBS,,10% DMSO,,121.5,B-cell_ALL,B-cell_ALL,Leukemia:ALL,192.3275958,ALL,CCLE,Prog_B 2
-2.28702855110168,0.0708637908101082,SET2_HAEMATOPOIETIC_AND_LYMPHOID_TISSUE,CCLE,110308940,24186,SET2_HAEMATOPOIETIC_AND_LYMPHOID_TISSUE,ACH-000195,Set-2,primary,haematopoietic_and_lymphoid_tissue,NS,NS,NS,haematopoietic_neoplasm,essential_thrombocythaemia,NS,NS,female,,71,,,Asian,,,CCLE,,suspension,RPMI-1640 + 20% FBS,,5%DMSO,,59.7,leukemia_other,leukemia_other,Leukemia:MPD,122.3425095,,CCLE,Prog_RBC
-6.38263893127441,-0.245756328105927,SIGM5_HAEMATOPOIETIC_AND_LYMPHOID_TISSUE,CCLE,125564606,23921,SIGM5_HAEMATOPOIETIC_AND_LYMPHOID_TISSUE,ACH-000112,SIG-M5,primary,haematopoietic_and_lymphoid_tissue,NS,NS,NS,haematopoietic_neoplasm,acute_myeloid_leukaemia,M5a,NS,male,,63,,,Caucasian,,,CCLE,DSMZ,large round cells growing singly  in suspention,80% Iscove's MDM + 20% h.i. FBS,,,~  72 hrs,,AML,AML,Leukemia:AML,93.0784535,LAML,CCLE,GMP
-5.09851932525635,1.02969646453857,SKM1_HAEMATOPOIETIC_AND_LYMPHOID_TISSUE,CCLE,154801221,24915,SKM1_HAEMATOPOIETIC_AND_LYMPHOID_TISSUE,ACH-000373,SKM-1,primary,haematopoietic_and_lymphoid_tissue,NS,NS,NS,haematopoietic_neoplasm,acute_myeloid_leukaemia,M5,NS,male,,76,asian,japan,Asian,,,CCLE,HSRRB,suspension,RPMI 1640+20%FBS,,5% DMSO,,40,AML,AML,Leukemia:AML,164.6000219,LAML,CCLE,GMP
-5.82102775573731,5.73864078521729,SKMM2_HAEMATOPOIETIC_AND_LYMPHOID_TISSUE,CCLE,125723463,24424,SKMM2_HAEMATOPOIETIC_AND_LYMPHOID_TISSUE,ACH-000363,SK-MM-2,primary,haematopoietic_and_lymphoid_tissue,NS,NS,NS,lymphoid_neoplasm,plasma_cell_myeloma,NS,NS,male,,54,,,Caucasian,,,CCLE,DSMZ,round single cells growing in suspention,80% RPMI 1640 +20% h.i. FBS,,,~  100 hrs,,multiple_myeloma,multiple_myeloma,Lymphoma:Multiple_Myeloma,97.98150618,MM,CCLE,Prog_B 2
-3.26913928985596,0.742586970329285,SKNO1_HAEMATOPOIETIC_AND_LYMPHOID_TISSUE,CCLE,124932774,23287,SKNO1_HAEMATOPOIETIC_AND_LYMPHOID_TISSUE,ACH-001656,SKNO-1,,haematopoietic_and_lymphoid_tissue,NS,NS,NS,haematopoietic_neoplasm,acute_myeloid_leukaemia,NS,NS,,,,,,Asian,,,COSMIC,,,,,,,,AML,AML,,,LAML,CCLE,Prog_RBC
-6.41197681427002,-1.04153454303741,SR786_HAEMATOPOIETIC_AND_LYMPHOID_TISSUE,CCLE,157752779,25991,SR786_HAEMATOPOIETIC_AND_LYMPHOID_TISSUE,ACH-000338,SR-786,metastasis,haematopoietic_and_lymphoid_tissue,NS,NS,NS,lymphoid_neoplasm,anaplastic_large_cell_lymphoma,NS,NS,male,,11,,,Caucasian,pleura,anaplastic_large_cell_lymphoma,CCLE,DSMZ,"ovoid- to round, sometimes irregular, occasinally with apical processes, growing in suspention, singly or in small clumps",85% RPMI 1640 +15% h.i. FBS,,,~  30 hrs,,lymphoma_other,T-cell_lymphoma_other,Lymphoma:NH_T_cell,103.6805732,,CCLE,CD4 Memory
-5.56171417236328,5.61547517776489,ST486_HAEMATOPOIETIC_AND_LYMPHOID_TISSUE,CCLE,128578080,27582,ST486_HAEMATOPOIETIC_AND_LYMPHOID_TISSUE,ACH-000567,ST486,metastasis,haematopoietic_and_lymphoid_tissue,NS,NS,NS,lymphoid_neoplasm,Burkitt_lymphoma,NS,NS,female,,,,,Caucasian,ascites,,CCLE,NIBRI,,,,,,,lymphoma_Burkitt,lymphoma_Burkitt,Lymphoma:NH_B_cell,91.43886081,DLBC,CCLE,Prog_B 2
-5.65038633346558,5.63019752502441,SUDHL10_HAEMATOPOIETIC_AND_LYMPHOID_TISSUE,CCLE,126273081,23756,SUDHL10_HAEMATOPOIETIC_AND_LYMPHOID_TISSUE,ACH-000271,SU-DHL-10,metastasis,haematopoietic_and_lymphoid_tissue,NS,NS,NS,lymphoid_neoplasm,diffuse_large_B_cell_lymphoma,NS,NS,male,,25,,,Caucasian,pleura,diffuse_histiocytic_lymphoma,CCLE,DSMZ,round lymphoid cells growing singly or in clumps in suspention,80-90% RPMI 1640 +10-20% h.i. FBS,,,~ 30-50 hrs,,lymphoma_DLBCL,lymphoma_DLBCL,Lymphoma:NH_B_cell,92.25565066,DLBC,CCLE,Prog_B 2
-5.59741258621216,5.29869985580444,SUDHL1_HAEMATOPOIETIC_AND_LYMPHOID_TISSUE,CCLE,128407610,24252,SUDHL1_HAEMATOPOIETIC_AND_LYMPHOID_TISSUE,ACH-000664,SU-DHL-1,metastasis,haematopoietic_and_lymphoid_tissue,NS,NS,NS,lymphoid_neoplasm,anaplastic_large_cell_lymphoma,NS,NS,male,,10,,,Caucasian,pleura,anaplastic_large_cell_lymphoma,CCLE,DSMZ,"polymorphic cells growing in suspention, singly or in small clusters",90% RPMI 1640 +10% h.i. FBS,,,~  40-50 hrs,,lymphoma_other,T-cell_lymphoma_other,Lymphoma:NH_T_cell,125.341816,,CCLE,CD4 Memory
-5.66374254226685,5.52494621276856,SUDHL4_HAEMATOPOIETIC_AND_LYMPHOID_TISSUE,CCLE,129521178,24285,SUDHL4_HAEMATOPOIETIC_AND_LYMPHOID_TISSUE,ACH-000365,SU-DHL-4,metastasis,haematopoietic_and_lymphoid_tissue,NS,NS,NS,lymphoid_neoplasm,diffuse_large_B_cell_lymphoma,NS,NS,male,,38,,,Caucasian,pleura,diffuse_histiocytic_lymphoma,CCLE,DSMZ,SUSPENSION,RPMI-1640+ 20% FBS,,5% DMSO,,45.1,lymphoma_DLBCL,lymphoma_DLBCL,Lymphoma:NH_B_cell,96.79794358,DLBC,CCLE,Prog_B 2
-5.52086734771729,5.48962450027466,SUDHL5_HAEMATOPOIETIC_AND_LYMPHOID_TISSUE,CCLE,57739160,23557,SUDHL5_HAEMATOPOIETIC_AND_LYMPHOID_TISSUE,ACH-000660,SU-DHL-5,primary,haematopoietic_and_lymphoid_tissue,NS,NS,NS,lymphoid_neoplasm,diffuse_large_B_cell_lymphoma,NS,NS,female,,17,,,Caucasian,lymph_node,B-cell non-Hodgkin lymphoma,CCLE,DSMZ,Supsension,RPMI +10%FBS,,5% DMSO,,,lymphoma_DLBCL,lymphoma_DLBCL,Lymphoma:NH_B_cell,126.2473501,DLBC,CCLE,Prog_B 2
-5.61847591400147,5.53627109527588,SUDHL6_HAEMATOPOIETIC_AND_LYMPHOID_TISSUE,CCLE,112993122,24428,SUDHL6_HAEMATOPOIETIC_AND_LYMPHOID_TISSUE,ACH-000611,SU-DHL-6,metastasis,haematopoietic_and_lymphoid_tissue,NS,NS,NS,lymphoid_neoplasm,diffuse_large_B_cell_lymphoma,NS,NS,male,,43,,,Caucasian,peritoneum,B-cell non-Hodgkin lymphoma,CCLE,DSMZ,SUSPENSION,RPMI-1640+ 20% FBS,,5% DMSO,,48,lymphoma_DLBCL,lymphoma_DLBCL,Lymphoma:NH_B_cell,128.1284701,DLBC,CCLE,Prog_B 2
-5.57908248901367,5.63747358322144,SUDHL8_HAEMATOPOIETIC_AND_LYMPHOID_TISSUE,CCLE,149131664,24232,SUDHL8_HAEMATOPOIETIC_AND_LYMPHOID_TISSUE,ACH-000656,SU-DHL-8,metastasis,haematopoietic_and_lymphoid_tissue,NS,NS,NS,lymphoid_neoplasm,diffuse_large_B_cell_lymphoma,NS,NS,male,,59,,,Caucasian,pleura,,CCLE,DSMZ,round single cells growing in suspention,80% RPMI 1640 +20% h.i. FBS,,,~  48-72 hrs,,lymphoma_DLBCL,lymphoma_DLBCL,Lymphoma:NH_B_cell,151.013337,DLBC,CCLE,Prog_B 2
-5.63839864730835,5.67275047302246,SUPB15_HAEMATOPOIETIC_AND_LYMPHOID_TISSUE,CCLE,127085437,24940,SUPB15_HAEMATOPOIETIC_AND_LYMPHOID_TISSUE,ACH-000059,SUP-B15,primary,haematopoietic_and_lymphoid_tissue,NS,NS,NS,lymphoid_neoplasm,acute_lymphoblastic_B_cell_leukaemia,NS,NS,male,,9,caucasian,,Caucasian,,,CCLE,NIBRI,,,,,,,B-cell_ALL,B-cell_ALL,Leukemia:ALL,76.86299598,ALL,CCLE,Prog_B 2
-6.52117395401001,-0.962820708751678,SUPM2_HAEMATOPOIETIC_AND_LYMPHOID_TISSUE,CCLE,117149608,24215,SUPM2_HAEMATOPOIETIC_AND_LYMPHOID_TISSUE,ACH-000226,SUP-M2,metastasis,haematopoietic_and_lymphoid_tissue,NS,NS,NS,lymphoid_neoplasm,anaplastic_large_cell_lymphoma,NS,NS,female,,5,,,Caucasian,cerebrospinal_fluid,,CCLE,DSMZ,round cells growing singly or in clumps in suspension,RPMI-1640+ 20% FBS,,5% DMSO,40-50hrs,62.3,lymphoma_other,T-cell_lymphoma_other,Lymphoma:NH_T_cell,107.1948767,,CCLE,CD4 Memory
-5.62456274032593,5.78496789932251,SUPT11_HAEMATOPOIETIC_AND_LYMPHOID_TISSUE,CCLE,129282086,24472,SUPT11_HAEMATOPOIETIC_AND_LYMPHOID_TISSUE,ACH-000122,SUP-T11,primary,haematopoietic_and_lymphoid_tissue,NS,NS,NS,lymphoid_neoplasm,peripheral_T_cell_lymphoma_unspecified,NS,NS,male,,74,,,Caucasian,,,CCLE,DSMZ,suspension,RPMI + 10 % FBS,,5% DMSO,,78.9,lymphoma_other,T-cell_lymphoma_other,Lymphoma:NH_T_cell,76.68730425,,CCLE,Prog_B 2
-5.61442375183106,5.64625024795532,SUPT1_HAEMATOPOIETIC_AND_LYMPHOID_TISSUE,CCLE,106067310,24927,SUPT1_HAEMATOPOIETIC_AND_LYMPHOID_TISSUE,ACH-000953,SUP-T1,metastasis,haematopoietic_and_lymphoid_tissue,NS,NS,NS,lymphoid_neoplasm,acute_lymphoblastic_T_cell_leukaemia,NS,NS,male,,8,caucasian,,Caucasian,pleura,,CCLE,NIBRI,,,,,,,T-cell_ALL,T-cell_ALL,Leukemia:ALL,509.7698434,ALL,CCLE,Prog_B 2
-5.66859579086304,5.40635633468628,TALL1_HAEMATOPOIETIC_AND_LYMPHOID_TISSUE,CCLE,82853627,24591,TALL1_HAEMATOPOIETIC_AND_LYMPHOID_TISSUE,ACH-000197,TALL-1,primary,haematopoietic_and_lymphoid_tissue,NS,NS,NS,lymphoid_neoplasm,acute_lymphoblastic_T_cell_leukaemia,NS,NS,male,,28,,,,,,CCLE,NIBRI,,,,,,83.1,T-cell_ALL,T-cell_ALL,Leukemia:ALL,139.2167544,ALL,CCLE,Prog_B 2
-2.66882562637329,0.256125271320343,TF1_HAEMATOPOIETIC_AND_LYMPHOID_TISSUE,CCLE,147023618,24854,TF1_HAEMATOPOIETIC_AND_LYMPHOID_TISSUE,ACH-000387,TF-1,primary,haematopoietic_and_lymphoid_tissue,NS,NS,NS,haematopoietic_neoplasm,acute_myeloid_leukaemia,M6,NS,male,,35,asian,japan,Asian,,,CCLE,NIBRI,,,,,,46.6,AML,AML,Leukemia:AML,141.2661995,LAML,CCLE,Prog_RBC
-6.47533512115479,-0.51687878370285,THP1_HAEMATOPOIETIC_AND_LYMPHOID_TISSUE,CCLE,117412634,24438,THP1_HAEMATOPOIETIC_AND_LYMPHOID_TISSUE,ACH-000146,THP-1,primary,haematopoietic_and_lymphoid_tissue,NS,NS,NS,haematopoietic_neoplasm,acute_myeloid_leukaemia,M5,NS,male,pediatric,1,,,Asian,,acute_monocytic_leukemia,CCLE,NIBRI,,RPMI-1640 + 10% FBS,0.05 mM 2-mercaptoethanol,5%DMSO,,101.8,AML,AML,Leukemia:AML,149.7150398,LAML,CCLE,GMP
-3.59039115905762,0.978427290916443,TO175T_FIBROBLAST,CCLE,107254013,23977,TO175T_FIBROBLAST,ACH-000125,TO 175.T,metastasis,haematopoietic_and_lymphoid_tissue,lymph_node,NS,NS,lymphoid_neoplasm,Hodgkin_lymphoma,NS,NS,male,,29,caucasian,,Caucasian,skin,,CCLE,GNF,,,,,,,lymphoma_Hodgkin,fibroblast_like,Lymphoma:Hodgkin,74.60365229,,CCLE,Prog_RBC
-5.53453540802002,5.76670074462891,TOLEDO_HAEMATOPOIETIC_AND_LYMPHOID_TISSUE,CCLE,153609053,25833,TOLEDO_HAEMATOPOIETIC_AND_LYMPHOID_TISSUE,ACH-000285,Toledo,primary,haematopoietic_and_lymphoid_tissue,NS,NS,NS,lymphoid_neoplasm,diffuse_large_B_cell_lymphoma,NS,NS,female,adult,,caucasian,,Caucasian,,,CCLE,ATCC,"suspension, lymphoblast",RPMI-1640 + 10% FBS,,5%DMSO,,51.4,lymphoma_DLBCL,lymphoma_DLBCL,Lymphoma:NH_B_cell,88.11498549,DLBC,CCLE,Prog_B 2
-5.77932024002075,5.96461963653565,U266B1_HAEMATOPOIETIC_AND_LYMPHOID_TISSUE,CCLE,60711057,24345,U266B1_HAEMATOPOIETIC_AND_LYMPHOID_TISSUE,ACH-000626,U266B1,primary,haematopoietic_and_lymphoid_tissue,NS,NS,NS,lymphoid_neoplasm,plasma_cell_myeloma,NS,NS,male,,53,,,Caucasian,,myeloma,CCLE,ATCC,Suspension Lymphoblast,RPMI1640+15%FBS,,5%DMSO,,198.1,multiple_myeloma,multiple_myeloma,Lymphoma:Multiple_Myeloma,125.3581906,MM,CCLE,Prog_B 2
-4.52083349227905,0.991830766201019,U937_HAEMATOPOIETIC_AND_LYMPHOID_TISSUE,CCLE,123800324,23371,U937_HAEMATOPOIETIC_AND_LYMPHOID_TISSUE,ACH-000406,U-937,metastasis,haematopoietic_and_lymphoid_tissue,NS,NS,NS,lymphoid_neoplasm,diffuse_large_B_cell_lymphoma,NS,NS,male,,37,caucasian,,Caucasian,pleura,histiocytic_lymphoma,CCLE,NIBRI,,RPMI-1640 + 10% FBS,,5%DMSO,,115.9,lymphoma_DLBCL,AML,Lymphoma:NH_B_cell,125.2330331,DLBC,CCLE,Prog_RBC
-5.55372285842896,5.6476469039917,WSUDLCL2_HAEMATOPOIETIC_AND_LYMPHOID_TISSUE,CCLE,58065319,23138,WSUDLCL2_HAEMATOPOIETIC_AND_LYMPHOID_TISSUE,ACH-000534,WSU-DLCL2,metastasis,haematopoietic_and_lymphoid_tissue,NS,NS,NS,lymphoid_neoplasm,diffuse_large_B_cell_lymphoma,NS,NS,male,,41,caucasian,,Caucasian,pleura,diffuse large cell lymphoma non-cleaved type,CCLE,DSMZ,supension,RPMI-1640 + 10% FBS,,10%DMSO,,49.3,lymphoma_DLBCL,lymphoma_DLBCL,Lymphoma:NH_B_cell,100.8372372,DLBC,CCLE,Prog_B 2
